,date,close,volume,trend,fg_index,cluster,log_return,hl_spread,momentum_3,vol_change
0,2023-11-17,0.8844325918565293,-0.48010892820177,0.8297938155558751,0.8224730678246012,7,0.2911338178837532,-0.1920323288063596,0.5765682081880688,-0.3410279849248498
1,2023-11-18,0.8819099838348199,-1.0909886164927192,0.2560966666137396,1.0869349363812106,3,-0.0541956221944727,-0.3764874217675174,-0.7550844402878623,-0.7842591955221474
2,2023-11-19,0.9255001219244908,-0.9714708786431931,0.2560966666137396,0.954704002102906,3,0.5202373841394551,-0.0719422230614369,0.652194337950677,0.1531462101145534
3,2023-11-20,0.93039558908491,-0.5453144815173184,0.9445332453443022,1.0869349363812106,7,0.0377602066067465,-0.1010899119304064,0.4475985465430689,0.5466918696354798
4,2023-11-21,0.836409996939538,-0.2100778496171263,0.9445332453443022,1.175088892566747,7,-1.2045720405171638,0.4695483226415781,-0.4926682221735621,0.4300037812722234
5,2023-11-22,0.928169175545016,-0.2849257046552511,1.1166423900269429,0.7783960897318328,7,1.1322584740678108,0.6829340905015219,0.0025238876393184,-0.0963061440721712
6,2023-11-23,0.921889632311577,-0.8970169471811336,0.5429452410848074,0.954704002102906,7,-0.099837755204262,-0.2974604281914138,-0.1123585537557843,-0.7858141263699326
7,2023-11-24,0.9449735327354656,-0.29561109676953,0.8297938155558751,0.954704002102906,7,0.2607845198797783,-0.0404005988339936,1.0911507625875951,0.771610220885698
8,2023-11-25,0.9486677055477029,-1.255554884533478,0.4855755261905938,1.2632428487522838,7,0.0225676884085729,-0.6274166064675274,0.1858162250410597,-1.2322544403695248
9,2023-11-26,0.930321265190774,-0.970946249684915,0.4855755261905938,1.2632428487522838,7,-0.2469322129027373,-0.3780336463050049,0.0617649219324817,0.3650268845660885
10,2023-11-27,0.9190499090082208,-0.7189808244719426,0.6003149559790208,0.954704002102906,7,-0.161363628380831,-0.2440275197226851,-0.2914173673540192,0.3231319927242202
11,2023-11-28,0.9507707964780676,-0.5014261681627707,0.8297938155558751,1.0428579582884423,7,0.366490880333829,0.194313573282096,-0.0032943776949051,0.2789685830131701
12,2023-11-29,0.9527401043989872,-0.6326580496358531,0.8297938155558751,1.2191658706595154,7,0.0014821903372783,-0.2319764626914739,0.2055575766809305,-0.1686704340875178
13,2023-11-30,0.9455455514466302,-0.8707040207409709,0.715054385767448,1.307319826845052,7,-0.1100839100497495,-0.3907696536795785,0.2474683303773925,-0.3057575888825782
14,2023-12-01,0.9983188195673168,-0.3320983647261157,0.8871635304500886,1.175088892566747,7,0.6132650359936677,0.109237315287404,0.4638930853536135,0.6910113036446814
15,2023-12-02,1.040591497815008,-0.8142739762357236,0.9445332453443022,1.307319826845052,7,0.4755073557662803,-0.0993741452287206,0.8782237585613246,-0.6190780311527286
16,2023-12-03,1.0693251152879546,-0.8138779470202406,1.1166423900269429,1.2632428487522838,7,0.3105130867765773,-0.1674554966841792,1.2475760712523882,0.0002632321551601
17,2023-12-04,1.1804718193156285,0.7020231552308165,3.526170415583912,1.307319826845052,7,1.2258735877597395,0.8312156673093334,1.847672410607999,1.945290140642873
18,2023-12-05,1.2951078925361428,0.3622372629789394,3.468800700689698,1.3513968049378202,7,1.203703326580277,1.2559255703125791,2.591589703667966,-0.4363324631068495
19,2023-12-06,1.2780062397691498,-0.1009296213418328,3.2966915560070573,1.2191658706595154,7,-0.2016690940232836,-0.1764141046404154,2.1203894486720016,-0.5946818832702734
20,2023-12-07,1.251054193566009,-0.2257462638032087,2.1492972581227865,1.2191658706595154,7,-0.3074845723195311,0.0028258713500018,0.7006930885820044,-0.1604369990933636
21,2023-12-08,1.3004850886400354,-0.3469594803355306,1.9198183985459325,1.2191658706595154,7,0.4978286392858015,0.2691223578129458,0.0303644004594262,-0.1558122963988925
22,2023-12-09,1.275303602759422,-0.8653489707436461,1.575600109180651,1.2632428487522838,7,-0.2861889388777836,-0.3041946429533744,-0.0526986949152207,-0.6655555851850796
23,2023-12-10,1.2794828077993168,-1.0375076329027138,1.1166423900269429,1.307319826845052,7,0.0214885103017973,-0.4991749134679539,0.2673398572144317,-0.2211966124081018
24,2023-12-11,1.1398579402755784,0.6267948523051367,2.2640366879112137,1.307319826845052,7,-1.5340205981694872,1.6007743322918686,-1.6762097952298238,2.135751187750815
25,2023-12-12,1.1530154717270915,-0.3520837844385512,1.460860679392224,0.9987809801956742,7,0.1238824684417448,0.1370286668427873,-1.2820732569564817,-1.2565557716082103
26,2023-12-13,1.2288060240406269,-0.2614296770182578,1.5182303942864377,0.9106270240101376,7,0.8044800047024842,1.151623230897799,-0.5458872386499758,0.1161020993026698
27,2023-12-14,1.2372420612987358,-0.3715695475397746,1.632969824074865,1.2191658706595154,7,0.0679284072186166,0.5411358060526558,0.976223042863042,-0.1416005617493541
28,2023-12-15,1.177675038706662,-0.6203258225413455,1.1740121049211565,1.131011914473979,7,-0.6677837016731901,0.1307149166480402,0.228592926788238,-0.3195033886475079
29,2023-12-16,1.196268674830013,-0.8886264413150881,0.7724241006616616,0.9987809801956742,7,0.1807329853474849,-0.0696025411955027,-0.3594084388132451,-0.3445869566420811
30,2023-12-17,1.146533327063712,-0.7847069771616094,0.715054385767448,1.2632428487522838,7,-0.5697017010866231,-0.0339037431019145,-0.9574276348053726,0.133127100575053
31,2023-12-18,1.2171768120714934,-0.2363934550443531,1.0592726751327293,0.9106270240101376,7,0.7513293654637198,0.6732973138884926,0.3811752372410214,0.7034705564239183
32,2023-12-19,1.1961563631677632,-0.4038475390509581,1.1740121049211565,1.2632428487522838,7,-0.2502591828918833,0.3145596578180832,-0.02606937740788,-0.2151586708251718
33,2023-12-20,1.272844307684569,-0.1793989440135829,1.632969824074865,1.307319826845052,7,0.7988538373707653,0.5797914194898622,1.2735997911033412,0.2878163899723136
34,2023-12-21,1.2834627146934543,-0.5856451932054464,1.5182303942864377,1.131011914473979,7,0.0891829406561141,-0.1806865671782139,0.6565240782042623,-0.5216288998499138
35,2023-12-22,1.289366784624666,-0.6387432261358282,1.5182303942864377,1.307319826845052,7,0.0393994669360425,-0.160280472295307,0.9333161659186996,-0.0683920248738464
36,2023-12-23,1.2746737765750409,-1.1067098943123324,1.0019029602385157,1.131011914473979,7,-0.1767194020129887,-0.3556879890636694,-0.0061072939119403,-0.6008420135927829
37,2023-12-24,1.2355485776071646,-0.859051234832871,0.715054385767448,1.175088892566747,7,-0.4378522442553888,0.1518669970534185,-0.5174864065029346,0.3176046108702926
38,2023-12-25,1.2677352281469294,-0.8049204983897948,0.7724241006616616,1.2632428487522838,7,0.3197430921418621,-0.0950609925715161,-0.2472936353057272,0.0692273374801476
39,2023-12-26,1.2089808134640754,-0.4014774796585533,1.4034909644980105,1.175088892566747,7,-0.6506788735727639,0.4971090968536491,-0.7002580431160065,0.5175411046883615
40,2023-12-27,1.2596267665703826,-0.5404546262290777,1.4034909644980105,1.2632428487522838,7,0.519963882654883,0.2415954920337114,0.2226161873009344,-0.1786108488679978
41,2023-12-28,1.2119994646607215,-0.570468467309595,1.346121249603797,1.2632428487522838,7,-0.5322450138765856,0.2195346656282328,-0.597895059813614,-0.0387653511612041
42,2023-12-29,1.184647721071339,-0.3557035060728564,1.1740121049211565,0.9106270240101376,7,-0.319931566367867,0.3993985567828986,-0.2750662306316597,0.275388237372037
43,2023-12-30,1.1886848848913296,-0.9235890910714132,0.6576846708732345,1.0428579582884423,7,0.0216565278072808,-0.0881911440782039,-0.7542184922371461,-0.72907977758559
44,2023-12-31,1.1965742286170165,-0.9039966988630428,0.4282058112963802,0.9987809801956742,3,0.0635396394024393,-0.1959250168963506,-0.1834908093205534,0.0249001952578153
45,2024-01-01,1.3009563571835938,-0.8005062086307536,-0.432339912116823,0.9106270240101376,3,1.0888375970757251,0.529830734543916,1.1707727049241023,0.1325765476045626
46,2024-01-02,1.3432031597051786,0.2946255062969515,0.4855755261905938,1.175088892566747,7,0.4138122933877633,0.3453417331499215,1.5635791922698736,1.405267018864384
47,2024-01-03,1.227495721314379,0.7574608295575176,0.4855755261905938,1.131011914473979,7,-1.2357410608921304,2.3925362390978084,0.2929673916827055,0.5937662737900695
48,2024-01-04,1.2993900499330997,-0.1987863820311853,0.1413572368253124,1.0428579582884423,3,0.7381992267725014,0.6061111450600056,-0.041016885917315,-1.227510186946655
49,2024-01-05,1.299060272062082,-0.1977138086499703,0.0839875219310989,1.2191658706595154,3,-0.0259072105359248,0.4648147054171601,-0.4787168369120158,0.0011315213021529
50,2024-01-06,1.28932714521446,-1.0698537884696175,-0.2602307674341823,1.131011914473979,3,-0.1241367052123733,-0.2744501656664287,0.6107307077575269,-1.1195654285292174
51,2024-01-07,1.2871634940740588,-0.9202068988877404,-0.3749701972226094,1.175088892566747,3,-0.0451255388706415,-0.2126486559728707,-0.1506074225580377,0.1918145140958477
52,2024-01-08,1.4535400085604526,0.5157787661277385,0.715054385767448,1.175088892566747,7,1.6631240388620951,1.9340874454191064,1.5631830068871904,1.8427252079399976
53,2024-01-09,1.4072367730611388,0.4325190633091821,1.0592726751327293,1.3954737830305886,7,-0.4804265489066637,1.3571964958314937,1.187231377678901,-0.1071020632506341
54,2024-01-10,1.4371859991137304,1.008858783937911,2.722994407064922,1.2632428487522838,7,0.2746835941900528,1.474004265277535,1.5173613374845516,0.7394398918074316
55,2024-01-11,1.4198531164538704,0.938456929571159,2.8951035517475625,1.3954737830305886,7,-0.1940197048065431,1.4522011429616408,-0.3712260827994973,-0.0906000655542992
56,2024-01-12,1.224054800289568,0.9055098436643856,1.0592726751327293,1.175088892566747,7,-2.045603360090158,2.5726103625360786,-1.908080120339424,-0.042529931179945
57,2024-01-13,1.2276476723868344,-0.5425523841358253,0.2560966666137396,0.8665500459173694,3,0.0161476083586721,-0.2720697936810836,-2.1790313035549085,-1.858714567288079
58,2024-01-14,1.1662264062729104,-0.7701052309913504,-0.2602307674341823,0.6902421335462963,3,-0.6908810789262467,0.0928663239124191,-2.632273041133068,-0.2922905214456595
59,2024-01-15,1.209100282242057,-0.4228237140522694,-0.0881216227515417,0.3376263088041502,3,0.4459534403480876,0.3121725041461688,-0.1786516878606675,0.4454624068664974
60,2024-01-16,1.2436113437525018,-0.2850860885650569,-0.1454913376457552,0.8665500459173694,3,0.3483927802287492,0.2074836085970217,0.139196525081876,0.1765299469000334
61,2024-01-17,1.2236897873872556,-0.6248127962274893,-0.1454913376457552,0.6902421335462963,3,-0.2358876266012338,-0.1524204975630774,0.5658259245262369,-0.4362565045230837
62,2024-01-18,1.1439374962425943,-0.3179131103411727,-0.1454913376457552,0.8224730678246012,3,-0.8953221767955243,0.6948902039207874,-0.6948076642085506,0.3936356268648261
63,2024-01-19,1.162189793000284,-0.1899992164979698,-0.2028610525399688,0.2935493307113819,3,0.179963452859813,0.4711894907910162,-0.8619526173704503,0.1639219901671084
64,2024-01-20,1.1642273687943363,-1.124969758528112,-0.4897096270110365,0.3376263088041502,3,2.871055948881424e-05,-0.546470395592708,-0.6362061863188605,-1.200203320377406
65,2024-01-21,1.1578569852458422,-1.2459216528361114,-0.6618187716936772,0.5139342211752232,3,-0.0928762680704088,-0.5707827419387396,0.1181817204262452,-0.1554769106802062
66,2024-01-22,1.0470697886468403,0.0142905923999194,-0.2028610525399688,0.4698572430824549,3,-1.2792756950116464,0.702587418175388,-1.2083827757778318,1.617134388515596
67,2024-01-23,1.0652147286685565,0.0872693955423511,-0.0881216227515417,0.2494723526186136,3,0.1876893811478186,0.2710483567982358,-1.04279426519075,0.0934172907541324
68,2024-01-24,1.075525379700982,-0.4509738266027122,-0.2602307674341823,0.1613183964330771,3,0.0961785906257634,-0.1025751012887848,-0.8713082521929046,-0.6910362273480988
69,2024-01-25,1.0687101538824002,-0.6895334595177515,-0.4897096270110365,0.3376263088041502,3,-0.100832554821593,-0.3199756275969475,0.1975546319507762,-0.3064168318372448
70,2024-01-26,1.1712451960428591,-0.2176219504440294,-0.3749701972226094,0.2053953745258454,3,1.1316350150702226,0.8153193939941066,1.0651100633630992,0.6054148165413404
71,2024-01-27,1.1876030593211289,-1.1163054679133595,-0.7191884865878907,0.4698572430824549,3,0.1568827967128735,-0.2823915206374704,1.127277209696915,-1.153631889865225
72,2024-01-28,1.1826718065820516,-0.797025188098046,-0.7765582014821043,0.4257802649896867,3,-0.0764038220605511,-0.0001309439936163,1.1466450151188317,0.4095251073841655
73,2024-01-29,1.252681611573904,-0.6745184554390147,-0.4897096270110365,0.4698572430824549,3,0.7326911917871226,0.2075582071492693,0.8122758717184922,0.1569823406806977
74,2024-01-30,1.232773818892757,-0.4992695160896568,-0.432339912116823,0.7343191116390646,3,-0.2349247341198724,-0.0160679074282541,0.4394541070333857,0.2246726526769663
75,2024-01-31,1.2128935535798084,-0.4343240108284609,-0.5470793419052501,0.6902421335462963,3,-0.2364238598931076,0.1669698130402035,0.2857737970914567,0.0831072094347714
76,2024-02-01,1.2405827827033045,-0.568146184676587,-0.6618187716936772,0.8224730678246012,3,0.2750339284290686,0.1212476821992092,-0.1492943510040056,-0.1719948626624871
77,2024-02-02,1.2470274901459344,-0.7284672933037537,-0.6618187716936772,0.8224730678246012,3,0.0462764068209371,-0.1904657592091691,0.1216172136732067,-0.2060040798591393
78,2024-02-03,1.2366270998931812,-1.23717588138787,-0.7765582014821043,0.6902421335462963,3,-0.1335038008942844,-0.4896737705862812,0.2190731580215296,-0.6531309382118403
79,2024-02-04,1.2130521112206316,-1.09200806263892,-0.7765582014821043,0.6902421335462963,3,-0.2759715971632124,-0.220420468779719,-0.3079382978118149,0.1860659927282377
80,2024-02-05,1.2199790981540992,-0.7343618472852796,-0.7191884865878907,0.6902421335462963,3,0.0522797625289803,0.0607618196998363,-0.3029803207371211,0.4587646502395914
81,2024-02-06,1.2414642090330197,-0.8725624152344702,-0.7191884865878907,0.8665500459173694,3,0.2079841609797278,-0.2686111335314349,0.0248121453107135,-0.177614173672431
82,2024-02-07,1.3103184151078997,-0.5923273664997458,-0.6618187716936772,0.7783960897318328,3,0.7022612845193117,0.2620694037822966,0.975011847550275,0.359413744214823
83,2024-02-08,1.3620175653214814,-0.2737265252752021,-0.3749701972226094,0.954704002102906,3,0.5083845353247514,0.0414611397275053,1.4352830457754286,0.40865310347918
84,2024-02-09,1.4635451058058753,0.5356470821791272,-0.2028610525399688,1.2191658706595154,3,0.9887330065394376,1.1771766258857632,2.2581431062301576,1.0385198411456371
85,2024-02-10,1.4975865504148542,-0.8689139564240393,-0.3749701972226094,1.307319826845052,3,0.3077410193527615,0.1003261791371431,1.9002575304721172,-1.8028843460338604
86,2024-02-11,1.5278060952231554,-0.7201997762758494,-0.3749701972226094,1.175088892566747,3,0.2671044447443055,-0.1265212365601475,1.6794407775393143,0.1906174577622198
87,2024-02-12,1.6168450193032589,0.117647982341116,0.1413572368253124,1.131011914473979,3,0.8119810270032853,0.9512989913676868,1.5510540743859729,1.07506408714855
88,2024-02-13,1.6048607042843648,0.0179062573400657,0.2560966666137396,1.5277047173088931,3,-0.1331958614449086,0.5734573242354171,1.0778955316413288,-0.1282553917492509
89,2024-02-14,1.7202323087831428,0.0610171248417045,0.4282058112963802,1.307319826845052,3,1.0239029631404808,1.0827891122332998,1.9532841140483697,0.0550842362787959
90,2024-02-15,1.7249026020716984,-0.0321473529451061,0.4855755261905938,1.2191658706595154,3,0.0189912473295893,0.1902649064010453,1.0859494144921156,-0.1198140324670628
91,2024-02-16,1.7383420137735648,-0.4948567084400483,0.0839875219310989,1.2191658706595154,3,0.0964626563209741,-0.1464729584429992,1.3473129114467204,-0.5940946824132906
92,2024-02-17,1.7118348098405118,-0.8437752906654412,-0.2602307674341823,1.3954737830305886,3,-0.2575834802658855,0.2141364431201604,-0.1112435748930959,-0.4480535243302106
93,2024-02-18,1.7390885559991076,-0.9499629256048095,-0.3176004823283959,1.2191658706595154,3,0.2192343550712185,-0.0056580185464811,0.1209210593579227,-0.1365281903711678
94,2024-02-19,1.7191069899711888,-0.7324227535338043,-0.1454913376457552,1.3513968049378202,3,-0.199453352342047,-0.2782479101444691,-0.2226565642941515,0.2789499936771896
95,2024-02-20,1.7457584373136017,-0.1533220525132368,-0.0881216227515417,1.2191658706595154,3,0.21331733245719,0.6799094582922253,0.3238302329935487,0.7429833845026929
96,2024-02-21,1.723217376590587,-0.3417963252961992,-0.2028610525399688,1.483627739216125,3,-0.2217483897719999,0.3524692857328183,-0.188075240177289,-0.2421363652710331
97,2024-02-22,1.6923333211139746,-0.5658851213249965,-0.2602307674341823,1.307319826845052,3,-0.2980765289882319,-0.0658251417771654,-0.3001560849377254,-0.2878446953047683
98,2024-02-23,1.6623686797351918,-0.703270819797593,-0.3749701972226094,1.3954737830305886,3,-0.2927682088886543,-0.1319194590682199,-0.882186370843083,-0.1765683552934095
99,2024-02-24,1.707737636357849,-1.1066149574018225,-0.5470793419052501,1.2191658706595154,3,0.3856705355885266,-0.0739631656586825,-0.1840511286474868,-0.5179042767986192
100,2024-02-25,1.7165810786652953,-1.0442847286873105,-0.432339912116823,1.307319826845052,3,0.0563261297690951,-0.3684579048710846,0.2243594029847315,0.0797507157173017
101,2024-02-26,1.8678505734843585,-0.1059588991290264,0.0839875219310989,1.2191658706595154,3,1.2887375707076874,1.8897148702051336,2.0875004021183035,1.2040194797572654
102,2024-02-27,2.0088385962812856,0.353707395277163,1.23138181981537,1.5277047173088931,7,1.1413863667049329,1.299341927720476,3.0704929344614804,0.5896990842403901
103,2024-02-28,2.305845686006244,1.8409643888767504,3.124582411324417,1.659935651587198,7,2.2672102098092464,4.1273933884730685,6.032901215963904,1.9085277680926056
104,2024-02-29,2.234212867385409,0.6775879737672039,2.436145832593854,1.5717816954016617,7,-0.5560609131401038,1.4170923515994591,3.741398921284538,-1.4933435922909943
105,2024-03-01,2.3034122666574977,-0.2074422186522025,1.1740121049211565,1.5717816954016617,7,0.4931782960296609,0.7562712490471318,3.0033904502177,-1.136108962964533
106,2024-03-02,2.2813562381621404,-0.8477918859628689,0.715054385767448,1.5717816954016617,7,-0.1856862998762344,-0.2373543401398434,-0.276673611327106,-0.8220815051968398
107,2024-03-03,2.343385859113251,-0.7479990427507993,0.5429452410848074,1.7040126296799665,3,0.4339018773309809,0.4678122108801844,1.0974161514251346,0.1278309198396811
108,2024-03-04,2.625912452071076,0.8624575202063559,2.8951035517475625,1.659935651587198,7,1.9580887975852352,3.375202622791005,3.2904833578818398,2.066644347032585
109,2024-03-05,2.376971450504864,2.2428070109030425,4.042497849631833,2.012551476329344,7,-1.7593164308442808,5.949530843977598,0.9580381337979892,1.771320724998472
110,2024-03-06,2.5063517326798515,0.6866374899742917,1.977188113440146,1.3513968049378202,7,0.8950528294880914,2.468464001912368,1.650423028153525,-1.9974614430854676
111,2024-03-07,2.547594887356919,-0.0539548570561592,1.346121249603797,1.659935651587198,7,0.2631643664310825,0.8185067866810322,-0.8300427146910982,-0.9507347924097688
112,2024-03-08,2.6192222005041152,0.5575211555280875,1.5182303942864377,1.6158586734944298,7,0.4660668819058379,1.8210706387645357,2.4654952159429904,0.784534451062898
113,2024-03-09,2.6296319500620555,-1.011081732750342,0.8297938155558751,1.7480896077727346,7,0.0477528341641038,-0.3676101940500932,1.2424426406510838,-2.0134186539774097
114,2024-03-10,2.665010674218117,-0.4766175862578184,0.8871635304500886,1.5277047173088931,7,0.2147451081618492,0.3870965773486722,1.1821545449894075,0.6856960146324458
115,2024-03-11,2.8369036732914883,0.5872525442739762,2.493515547488068,1.659935651587198,7,1.0994834891637957,3.087686239057,2.212915714901542,1.3651453301060528
116,2024-03-12,2.802434453380704,0.3995221714595603,1.977188113440146,1.6158586734944298,7,-0.2435043958594425,2.141057737785788,1.7515465171872386,-0.2411816304556966
117,2024-03-13,2.891645148238367,-0.0654960813657717,1.8050789687575053,1.6158586734944298,7,0.5456806088197643,0.7425112070007993,2.304955239089499,-0.5970579634451042
118,2024-03-14,2.798962151156147,0.4852959614543866,1.346121249603797,1.924397520143808,7,-0.6129934451260737,2.71263184510415,-0.4149649490474746,0.7066515351920938
119,2024-03-15,2.694958799175981,1.3959729462149335,1.460860679392224,1.7040126296799665,7,-0.7019333601873271,3.796148689749052,-1.129796575227473,1.1685344470265722
120,2024-03-16,2.4637718490030656,0.028732557713656,0.6003149559790208,1.6158586734944298,3,-1.6014682794069433,2.740436760032667,-4.423579970595408,-1.75498634161146
121,2024-03-17,2.634047890468457,-0.1496378984857818,0.5429452410848074,1.5277047173088931,3,1.1499635031082125,2.135781585635938,-1.7202825891574915,-0.2291689424078316
122,2024-03-18,2.590913055048789,0.0219298951808367,0.7724241006616616,1.439550761123357,7,-0.3143818940370534,0.7926007439915378,-1.0945360761688776,0.2199482030301897
123,2024-03-19,2.2786101079106595,1.328811943454575,1.1166423900269429,1.5277047173088931,7,-2.242682173897854,3.626199624356698,-1.9284327294268608,1.6770312666833092
124,2024-03-20,2.60360427288302,1.023543575246303,1.1740121049211565,1.307319826845052,7,2.2839796102429277,4.138820530340031,-0.3378842529513093,-0.3920320418982915
125,2024-03-21,2.474818031313755,-0.0453721450439361,0.5429452410848074,1.483627739216125,3,-0.9115010876564874,1.6882309622719056,-1.2184062659596628,-1.3721110101723557
126,2024-03-22,2.3809700760093757,-0.0994508778749502,0.3708360964021667,1.3513968049378202,3,-0.6905486400788452,2.1481378185627094,1.027376235558329,-0.0696506730498372
127,2024-03-23,2.391616010386459,-0.8225456269617212,-0.0307519078573281,1.2632428487522838,3,0.0542078408976003,1.205062921053097,-2.2042173743110487,-0.928278055418326
128,2024-03-24,2.5688911604899984,-0.6787568996480856,0.0266178070368853,1.307319826845052,3,1.2213876937813075,1.786524727387499,0.942185058699574,0.1842960415755315
129,2024-03-25,2.7158884077646555,-0.0432476197620799,0.6576846708732345,1.3513968049378202,3,0.9645542644822692,2.402668078830299,3.4181456077639893,0.8153791855560446
130,2024-03-26,2.7218337687481653,-0.4613403569610576,0.5429452410848074,1.6158586734944298,3,0.0166530764674384,0.7182056423413371,3.3698223106592806,-0.5368328990676537
131,2024-03-27,2.693314864747168,-0.1676014178189225,0.4282058112963802,1.7040126296799665,3,-0.2106874914040563,1.4840343797115054,1.2541980269343391,0.3767448839642088
132,2024-03-28,2.7654701528164103,-0.5621477872845498,0.4855755261905938,1.5717816954016617,3,0.4510580957325899,0.9673241167277108,0.4848003539768134,-0.5066130603793024
133,2024-03-29,2.714265944683037,-0.850377518302066,0.2560966666137396,1.5277047173088931,3,-0.3575892564328355,0.4646112548201251,-0.1027142695830981,-0.3701643435252337
134,2024-03-30,2.699491455623544,-1.1907081473448284,-0.0307519078573281,1.3513968049378202,3,-0.1199950399349495,-0.2990473428483072,0.0385824172544589,-0.4370315882600194
135,2024-03-31,2.792965038720424,-1.0248257266163023,0.0266178070368853,1.3513968049378202,3,0.5883103541167369,0.3939799892151182,0.2577408513711833,0.2126514914941287
136,2024-04-01,2.703214256898708,-0.3889238896135611,0.4282058112963802,1.5277047173088931,3,-0.6086403245981019,1.358579959891347,-0.1385294281774445,0.8158830005341362
137,2024-04-02,2.472765590740876,0.486513003849126,0.5429452410848074,1.5277047173088931,3,-1.5927704598642822,2.646327295529486,-2.355724324439416,1.1233066697980807
138,2024-04-03,2.5002538700765227,-0.4338602308405453,0.2560966666137396,1.175088892566747,3,0.1700315593463824,0.8060013566497708,-3.0340729366656918,-1.1814688693525663
139,2024-04-04,2.6392401026580554,-0.3870445281311983,0.1413572368253124,1.131011914473979,3,0.9290721960249568,2.050325553193449,-0.6825881750484408,0.0598390894948738
140,2024-04-05,2.6025092341760843,-0.4907331751545233,0.0266178070368853,1.5277047173088931,3,-0.2704866029389703,1.0728946315306909,1.3088885891178483,-0.1333209436075831
141,2024-04-06,2.661713996602666,-1.0035430833405434,-0.3749701972226094,1.3513968049378202,3,0.3761086087161017,0.6931608738459629,1.634943499273068,-0.6583946473873868
142,2024-04-07,2.6872808656380585,-0.9631533621243494,-0.0881216227515417,1.483627739216125,3,0.1477318047673764,0.1900411107442975,0.4689585984607547,0.0515918674036985
143,2024-04-08,2.8116830985480328,-0.2655285211696886,0.3134663815079531,1.3954737830305886,3,0.7897546653469517,1.7175888834244797,2.1254549617791385,0.8950994318712545
144,2024-04-09,2.6754776807019103,-0.4509716978909542,0.2560966666137396,1.5717816954016617,3,-0.9131270361927252,1.577506365677299,0.116579999521977,-0.2382462011883734
145,2024-04-10,2.757238368630334,-0.3727529659214408,0.198726951719526,1.483627739216125,3,0.5159169447677152,1.6493176447451197,0.6942692255913931,0.100142311177073
146,2024-04-11,2.7228374165926823,-0.6637173160288691,0.1413572368253124,1.3954737830305886,3,-0.2476041877252733,0.3503533995236171,-0.9382749014483428,-0.3736740036438167
147,2024-04-12,2.563745194278973,0.0329406332437677,0.198726951719526,1.5277047173088931,3,-1.0904741317603062,3.335597573234292,-1.1735580806401753,0.893858505415388
148,2024-04-13,2.3880099251524576,0.4748439447313063,0.5429452410848074,1.2191658706595154,3,-1.257014546436506,4.100456529425246,-3.8206933541874832,0.566901747321827
149,2024-04-14,2.483658170337017,0.1923219313478412,0.8297938155558751,1.2191658706595154,7,0.6569108788252804,1.6845281614058158,-2.483748800957168,-0.3628389543980021
150,2024-04-15,2.360233709545454,-0.0732882149511105,0.715054385767448,1.307319826845052,7,-0.9026043329279548,2.285839964324554,-2.117073569494797,-0.3411339550961795
151,2024-04-16,2.380791148116085,-0.0431279767016251,0.4282058112963802,0.9106270240101376,3,0.1262631495709198,1.0463714553635124,-0.099125961974243,0.0384631620076081
152,2024-04-17,2.2422723302465624,-0.1245949154510803,0.5429452410848074,0.9987809801956742,3,-1.0419548367286715,2.440577706745029,-2.5064332440112382,-0.1048011970793401
153,2024-04-18,2.3629914012915787,-0.3267356048180168,0.6576846708732345,0.5580111992679915,3,0.8682853452326104,1.4185097240921547,0.003435114019489,-0.2596760940857901
154,2024-04-19,2.382146595726179,0.4280959959668389,1.632969824074865,0.954704002102906,7,0.1160365358026159,3.138514979883645,-0.010980374118916,0.9685196329625322
155,2024-04-20,2.4439499417106973,-0.9169312337161104,1.4034909644980105,0.954704002102906,7,0.4193205384279574,0.7506424491957472,2.048391245056512,-1.7264775676107111
156,2024-04-21,2.4439807723630804,-1.0271307344116356,0.2560966666137396,1.2191658706595154,3,-0.0222511863539581,0.1600457110543416,0.8076801212793963,-0.1416770922044928
157,2024-04-22,2.547382926621792,-0.6786930596372621,0.4282058112963802,1.2632428487522838,3,0.6998728927273704,1.024229248719222,1.6737640069846196,0.446946240962545
158,2024-04-23,2.5250681408653683,-0.932433818920176,0.0839875219310989,1.175088892566747,3,-0.1766221522677342,0.1323357397377753,0.8090045124157889,-0.3259005668718784
159,2024-04-24,2.408109308316265,-0.6153103812363764,-0.0307519078573281,1.2191658706595154,3,-0.8461393607129748,1.520662268864897,-0.3936841342063288,0.4067569767735884
160,2024-04-25,2.4196019845391343,-0.6803234183711802,-0.0881216227515417,1.2191658706595154,3,0.0596629659958065,0.8693287458211083,-1.338540993570882,-0.0836839590314308
161,2024-04-26,2.379503968379124,-0.8030760511257513,-0.3176004823283959,1.131011914473979,3,-0.31019451642314,0.2037672443577933,-1.5213579085133957,-0.1577880113132873
162,2024-04-27,2.3625454579267635,-0.9805061788280658,-0.4897096270110365,0.9987809801956742,3,-0.1451462154251482,0.2103047902092833,-0.4933247579505741,-0.227962107628942
163,2024-04-28,2.3436418636374974,-1.0954024073124105,-0.4897096270110365,0.9106270240101376,3,-0.1599205775490536,0.2488451149748312,-0.80580748885338,-0.1477049584872478
164,2024-04-29,2.3847886725258696,-0.772359960120432,-0.2602307674341823,0.9987809801956742,3,0.2757658685607672,0.8414424506537744,0.0294135555409918,0.4143535417536994
165,2024-04-30,2.208943844473924,0.0004891870538337,0.1413572368253124,0.9987809801956742,3,-1.3223168300777537,2.929917082740659,-1.6039851999670955,0.9916436812919336
166,2024-05-01,2.081930915964005,0.7566508894863381,0.3708360964021667,0.4257802649896867,3,-1.004646714665007,2.0797716362713987,-2.7153814148371604,0.9702267097263982
167,2024-05-02,2.1202291927911983,-0.2118869641882861,0.0266178070368853,-0.0590664940307641,3,0.2777166825483935,1.0112151921953607,-2.744665174408461,-1.2432842216266082
168,2024-05-03,2.3306153624586083,-0.3259629049454208,-0.0881216227515417,0.1613183964330771,3,1.5659791502170093,2.237696771378809,1.2259047308197413,-0.1466521862263607
169,2024-05-04,2.3862222978616474,-0.881421083679391,-0.3749701972226094,0.9987809801956742,3,0.3812474124227151,0.5268739192002977,3.1032914243562817,-0.7131302172592008
170,2024-05-05,2.3928266640398284,-1.049905188173967,-0.432339912116823,1.0869349363812106,3,0.0250547046491523,0.4080994606495552,2.7774685656394915,-0.2164806179443484
171,2024-05-06,2.346205762711504,-0.5841851279513115,-0.2028610525399688,1.175088892566747,3,-0.3598713041302839,1.0701073583512708,0.1353591866610529,0.597468597929397
172,2024-05-07,2.2992380165438786,-0.8459444222787906,-0.2602307674341823,1.0428579582884423,3,-0.3669866835709167,0.6370356358097699,-0.9191391474648511,-0.3361917012968473
173,2024-05-08,2.237629013778841,-0.8308783193121192,-0.432339912116823,0.8665500459173694,3,-0.4816047359678381,0.6172398927179779,-1.6203929346012658,0.0190910729214122
174,2024-05-09,2.341185871846828,-0.6999538635013061,-0.3749701972226094,0.4698572430824549,3,0.7445834127367842,1.0694495347541808,-0.0765207559967045,0.1677858004181309
175,2024-05-10,2.215990300185373,-0.530702845388571,-0.3749701972226094,0.954704002102906,3,-0.9527780383511532,1.3969914326121076,-0.880726144718348,0.2169748109423596
176,2024-05-11,2.217421723331695,-1.1984962750816774,-0.6044490567994636,0.3817032868969184,3,-0.0116376033341836,-0.1316685366652047,-0.232651755520075,-0.8573033314076028
177,2024-05-12,2.253647739880906,-1.2164187821770691,-0.6618187716936772,0.5139342211752232,3,0.2501343276127794,0.0379346627121783,-0.924832897393097,-0.0232471121404171
178,2024-05-13,2.3338123910011803,-0.6401788445154377,-0.3176004823283959,0.5580111992679915,3,0.5705480468398232,1.0028262459108284,1.1863314708810992,0.7393118285238003
179,2024-05-14,2.2587953577340234,-0.7452934826961541,-0.3749701972226094,0.954704002102906,3,-0.5769880055052995,0.5110183360044769,0.4004185272569519,-0.1351510867207541
180,2024-05-15,2.5136442830629955,-0.3279429223945406,-0.1454913376457552,0.8665500459173694,3,1.813923947999264,2.646639253111615,2.647927265085193,0.5353902977175228
181,2024-05-16,2.460170168147976,-0.6871036949662336,-0.1454913376457552,1.131011914473979,3,-0.3969143229630876,0.6287823232565941,1.2740808733537388,-0.4611985386095124
182,2024-05-17,2.5586515300675243,-0.8259453362426373,-0.3176004823283959,1.307319826845052,3,0.6628985168367694,0.7614185491521891,3.05769614660089,-0.1784369388969945
183,2024-05-18,2.552661574747533,-1.1677325290235545,-0.6044490567994636,1.2632428487522838,3,-0.0636306049220306,-0.2862231735483573,0.3761946210016025,-0.4389009687820938
184,2024-05-19,2.517361028317155,-1.064367109619676,-0.6044490567994636,1.2191658706595154,3,-0.2664108156772924,0.4209304116360794,0.5630243278915622,0.132416029417554
185,2024-05-20,2.8021377083515246,-0.118649288538002,-0.0881216227515417,1.131011914473979,3,1.8815836000098043,2.8708146843011395,2.478195787353502,1.21350649677629
186,2024-05-21,2.7306612451820564,-0.1535250769911785,0.3134663815079531,1.3954737830305886,3,-0.4870884450276805,1.0809987469793665,1.8049749459373563,-0.0450052632774543
187,2024-05-22,2.676612909366416,-0.786118262009563,-0.0307519078573281,1.3954737830305886,3,-0.379546017407639,0.4080858972764166,1.612242076845451,-0.8121266940634938
188,2024-05-23,2.6107140415413257,-0.4158073950188888,-0.1454913376457552,1.3954737830305886,3,-0.4647585031840771,1.7373981898894002,-1.9928071943213328,0.4750186956129358
189,2024-05-24,2.6426645072619483,-0.7739286724462403,-0.2602307674341823,1.307319826845052,3,0.192934458176866,0.9683006795934944,-0.9295475034469928,-0.4598644315431882
190,2024-05-25,2.683436943942822,-1.2343788158564628,-0.6618187716936772,1.3954737830305886,3,0.2497773667470306,-0.0759976716290618,0.0452383316835119,-0.5911951683338301
191,2024-05-26,2.640334590817628,-1.2418276114806306,-0.6618187716936772,1.3513968049378202,3,-0.3103628016976145,0.1438781702763966,0.2795933051216353,-0.0098049594180494
192,2024-05-27,2.691467227793684,-0.9169457225687448,-0.432339912116823,1.307319826845052,3,0.3187004317061838,0.8243119103831794,0.4767917494554645,0.4167143148751303
193,2024-05-28,2.6343182092241664,-0.6433642108936812,-0.3749701972226094,1.2191658706595154,3,-0.4040863665332213,0.7404495742841428,-0.5298700296073067,0.3508744731507288
194,2024-05-29,2.593249027514113,-0.9162851580172076,-0.432339912116823,1.2191658706595154,3,-0.3003057167068811,0.3994189018426016,-0.5089684207752931,-0.3505167704884824
195,2024-05-30,2.631773579307898,-0.7629006200342526,-0.3749701972226094,1.2632428487522838,3,0.2382400398514846,0.7798511732438257,-0.6385832986149445,0.1966114803639977
196,2024-05-31,2.5870603245957287,-0.8144643164064134,-0.5470793419052501,1.2632428487522838,3,-0.3253118127869327,0.7812753274230951,-0.5107399354149976,-0.0664228292931028
197,2024-06-01,2.599548941000019,-1.3293426301567932,-0.7191884865878907,1.2191658706595154,3,0.0624805070425047,-0.5089676688720478,0.039850210479049,-0.6610492768913894
198,2024-06-02,2.599481774221615,-1.1393227623789626,-0.8339279163763178,1.2632428487522838,3,-0.0229257838787407,-0.0132467258159974,-0.3568841719464458,0.2436299321792907
199,2024-06-03,2.656973783798886,-0.7295854417663326,-0.3176004823283959,1.2632428487522838,3,0.3649774162281294,0.985688923953669,0.693816442296899,0.5256193267591881
200,2024-06-04,2.75210506500868,-0.7299773574720196,-0.2602307674341823,1.2632428487522838,3,0.6058997115759389,0.8640322486115459,1.5434076965002257,-0.00074803075735
201,2024-06-05,2.78349507351278,-0.7564126082669351,0.0266178070368853,1.3513968049378202,3,0.1814970458345879,0.1032694311076228,1.8667968450091217,-0.0341725229854419
202,2024-06-06,2.7664864632502977,-0.9542918485715176,-0.1454913376457552,1.483627739216125,3,-0.132784732685925,0.2443420750937255,1.1009082425839112,-0.2542068724758446
203,2024-06-07,2.687017153450717,-0.5575501027059304,-0.2602307674341823,1.439550761123357,3,-0.5443567927791416,1.597057968052645,-0.6940379326079089,0.5089405686184237
204,2024-06-08,2.684531982649758,-1.3023431375032644,-0.6044490567994636,1.2191658706595154,3,-0.038964779987043,-0.5478809863988389,-1.042284883984441,-0.956126031862618
205,2024-06-09,2.7031228660362885,-1.2989763807149692,-0.6618187716936772,1.3513968049378202,3,0.1006662644858834,-0.335804084046501,-0.6763114666285325,0.0040759182158754
206,2024-06-10,2.69716924684232,-1.090399477272144,-0.3749701972226094,1.2191658706595154,3,-0.0618381056664718,-0.1345575351431397,0.0794517693735902,0.26744637090482
207,2024-06-11,2.5746306167593835,-0.3891922356349505,-0.2028610525399688,1.307319826845052,3,-0.846650270709371,1.5712807774079331,-1.1547336151716534,0.8996971503800775
208,2024-06-12,2.6269188526524125,-0.5120724122843633,-0.2602307674341823,1.2191658706595154,3,0.3324993697667139,1.269488943448441,-0.8083147763466323,-0.1579517034789514
209,2024-06-13,2.544833341779247,-0.7455577965377457,-0.432339912116823,1.131011914473979,3,-0.5819704548876361,0.661524306006569,-1.590973340041619,-0.299904448366623
210,2024-06-14,2.504697337851123,-0.7649203273876423,-0.432339912116823,1.307319826845052,3,-0.3006037113920036,0.7257604411780119,-0.7438497547932684,-0.0250952649451868
211,2024-06-15,2.5148417235796297,-1.2539496905122596,-0.7765582014821043,1.307319826845052,3,0.0481176520387295,-0.4073644407113113,-1.1771011099195845,-0.6278742612363292
212,2024-06-16,2.539540379422041,-1.3133402060700308,-0.7765582014821043,1.175088892566747,3,0.1485722676073348,-0.1748746617894972,-0.0793280124225574,-0.0764679120808413
213,2024-06-17,2.530041235204107,-0.794395802815527,-0.4897096270110365,1.175088892566747,3,-0.08811609545411,0.6420540838700348,0.235628047226411,0.6657776925180205
214,2024-06-18,2.4568729399851605,-0.3628295908979904,-0.3749701972226094,1.307319826845052,3,-0.5339021971424577,0.8858014624946083,-0.6208511728443857,0.5536349248102412
215,2024-06-19,2.445809690706188,-1.0056626650851763,-0.4897096270110365,0.8665500459173694,3,-0.1007061307641156,-0.1088617247372596,-0.9884942285987336,-0.8252687549695372
216,2024-06-20,2.440063077321071,-0.884403255997995,-0.432339912116823,0.6902421335462963,3,-0.0632037803501478,0.4758891995825925,-0.9499170919079803,0.1553815028121848
217,2024-06-21,2.4000696651602147,-0.834559096414229,-0.4897096270110365,0.8224730678246012,3,-0.3077862724979956,0.3155158756241639,-0.6088693949138794,0.0637258663963465
218,2024-06-22,2.4065908986864373,-1.3734311580666898,-0.8339279163763178,0.3817032868969184,3,0.024273204388983,-0.4198359623097309,-0.428095664587755,-0.6918432914647225
219,2024-06-23,2.348673315996817,-1.3470277765180385,-0.8339279163763178,0.4698572430824549,3,-0.4406607297055024,0.0817986114335559,-0.96442879649646,0.0336415434564951
220,2024-06-24,2.1880946158003884,-0.0798689235931401,-0.0307519078573281,0.2935493307113819,3,-1.219373979920634,2.5402413725473467,-2.2040815393227025,1.6260497917814465
221,2024-06-25,2.2713764660954605,-0.6847135012080307,-0.3176004823283959,-0.6320672092367516,3,0.6053410325904834,0.6380732338546625,-1.4149594940988446,-0.7765136241812856
222,2024-06-26,2.219568858051177,-0.9357284166771006,-0.4897096270110365,0.0731644402475406,3,-0.4111830400691986,0.375533801750348,-1.3521471315703772,-0.3224021691029805
223,2024-06-27,2.265896317634505,-1.0551675268763672,-0.5470793419052501,-0.1912974283090689,3,0.3254069898729311,0.3801317852434093,0.7749099303405019,-0.1535353759070331
224,2024-06-28,2.1955016800352376,-0.8683707992232227,-0.5470793419052501,0.1172414183403088,3,-0.5529717458470036,0.6376459876008798,-0.8049302212203074,0.2394932952363443
225,2024-06-29,2.226268468923325,-1.2522839650537565,-0.8912976312705314,-0.6320672092367516,3,0.2107600858466003,-0.2589472301721333,0.0439592188765653,-0.4929662124989055
226,2024-06-30,2.324559341454941,-1.084526645321804,-0.8339279163763178,0.1172414183403088,3,0.7085632805569546,0.7625917809284434,0.5781586095099764,0.2150577711412542
227,2024-07-01,2.331605246619026,-0.8762755896510228,-0.7765582014821043,0.3817032868969184,3,0.029132481882607,0.096636941644192,1.374270496842565,0.2670281719189021
228,2024-07-02,2.2895147995488085,-1.0485679020880847,-0.8339279163763178,0.2935493307113819,3,-0.3323008183206721,0.1766540614592081,0.6252763710931003,-0.2213681416175059
229,2024-07-03,2.1834303785328366,-0.6567132654238138,-0.6618187716936772,0.2494723526186136,3,-0.8206003388319826,1.128389172716071,-1.475762630758004,0.5026683633514109
230,2024-07-04,2.009536139791436,-0.0104379478087434,-0.4897096270110365,-0.0149895159379959,3,-1.3877282958886887,1.6988985552432632,-3.3358813014008364,0.8291965151403536
231,2024-07-05,1.986345983726301,0.7618934825918671,-0.0307519078573281,-0.6761441873295199,5,-0.2102263915650454,1.9246473377165476,-3.141580670151753,0.990979234122702
232,2024-07-06,2.074507335308237,-0.9597913977494512,-0.6044490567994636,-0.8083751216078247,3,0.6840284152522603,0.8374955090712388,-1.144676166242741,-2.2098868803561103
233,2024-07-07,1.9438998830589589,-1.032826208996935,-0.7191884865878907,-0.6761441873295199,3,-1.0762744252310386,1.0193057442708977,-0.699675084624348,-0.0939792505356159
234,2024-07-08,1.9910713317512536,-0.1972825972886213,-0.432339912116823,-0.7202211654222882,3,0.3632083604016038,1.868020254874324,0.0236632077009395,1.0721069028948147
235,2024-07-09,2.064590325641049,-0.7844158803710798,-0.6044490567994636,-0.7642981435150564,3,0.5671615507711766,0.5320144376187906,-0.1268645985530857,-0.7537826250822656
236,2024-07-10,2.046744332837969,-0.8646058132718374,-0.6618187716936772,-0.7202211654222882,3,-0.1643405228458671,0.7393034692541658,1.0323568517977475,-0.1031622644342398
237,2024-07-11,2.0254954067781914,-0.7259029997064964,-0.6044490567994636,-0.6761441873295199,3,-0.192435606836602,0.9344736269926516,0.3289749831772176,0.1777686869195248
238,2024-07-12,2.055732018554776,-0.9020776319025808,-0.7765582014821043,-0.852452099700593,3,0.2190452711406545,0.5168641498260302,-0.115980820111725,-0.226350781750493
239,2024-07-13,2.128124592537889,-1.1413006415989844,-0.9486673461647448,-0.852452099700593,3,0.546580078035882,0.590893040401567,0.8116985730180162,-0.3072682217224894
240,2024-07-14,2.215875786333668,-0.9734322412403096,-0.7191884865878907,-0.4998362749584468,3,0.6505994731034435,0.6812997040386531,1.932252330019196,0.2152003340477271
241,2024-07-15,2.432033344017572,-0.4683602885460544,-0.3176004823283959,0.3376263088041502,3,1.5630127544090548,2.0654554959264964,3.843575131477948,0.6479735359325838
242,2024-07-16,2.449642601454145,-0.3576260079279175,-0.432339912116823,0.9106270240101376,3,0.1024248071833417,1.2164086826812477,3.280386290414655,0.1418733605751041
243,2024-07-17,2.397010273458635,-0.7314844239665269,-0.432339912116823,1.0869349363812106,3,-0.3976119623416295,0.713817891131885,1.837201796922856,-0.4800617628528006
244,2024-07-18,2.391500945987389,-0.9333329924194476,-0.6044490567994636,0.7343191116390646,3,-0.0620610349884819,0.4562426535952957,-0.4415999263459936,-0.2593011807658664
245,2024-07-19,2.5386116060190247,-0.556503860344196,-0.4897096270110365,0.6902421335462963,3,1.0140356766020588,1.9417778779871424,0.889713134659073,0.4833843561519431
246,2024-07-20,2.565035677300118,-1.169299527362914,-0.7191884865878907,1.307319826845052,3,0.1592972975392143,0.1040832334957725,1.702436509108358,-0.7867181976382781
247,2024-07-21,2.62148770290685,-0.9549520803045524,-0.6044490567994636,1.307319826845052,3,0.3615401906073063,0.9274613630814134,2.339417707591557,0.2748523920449137
248,2024-07-22,2.5866198867045527,-0.9655673431765616,-0.432339912116823,1.131011914473979,3,-0.2589667884447087,0.4696432662535287,0.4686246707810603,-0.0138688613550854
249,2024-07-23,2.4987525274149767,-0.6784577376327475,-0.5470793419052501,1.175088892566747,3,-0.6284246866513197,0.7377368996569704,-0.7063253392622105,0.3682366760647468
250,2024-07-24,2.4679213244853058,-0.91851362072936,-0.6044490567994636,1.0869349363812106,3,-0.2385712642672477,0.5214756966922204,-1.6036229733314975,-0.3083371466661222
251,2024-07-25,2.491261779980804,-0.5711633920548903,-0.4897096270110365,1.0428579582884423,3,0.1412971716922333,1.0150332817331091,-1.0052245713302337,0.4455505927634882
252,2024-07-26,2.607319366495089,-0.8850068883972682,-0.432339912116823,1.0428579582884423,3,0.7764841199578154,0.8513098046101111,1.091184721334689,-0.403037518066812
253,2024-07-27,2.6066867875738877,-0.6696883435693225,0.0266178070368853,1.2191658706595154,3,-0.0267568247193802,1.0361921438250516,1.4016355872034536,0.2760987166704259
254,2024-07-28,2.6261420303218515,-1.2707667868071104,-0.2602307674341823,1.175088892566747,3,0.1090530822065614,0.0201462988444883,1.3616944408380398,-0.7716800984908878
255,2024-07-29,2.545476381100364,-0.5324922184005191,-0.2028610525399688,1.307319826845052,3,-0.5723017036466291,1.6479002722524243,-0.6606791233861822,0.9472700350077576
256,2024-07-30,2.512625770439651,-0.917080492720436,-0.4897096270110365,0.9987809801956742,3,-0.2498501744246281,0.3223111255652285,-0.9918901033074314,-0.4938326590726332
257,2024-07-31,2.4267403816603665,-0.9316972630216146,-0.6044490567994636,0.7343191116390646,3,-0.6267637443431482,0.7440709949114255,-2.0748232283274666,-0.0190044691222426
258,2024-08-01,2.4667112213793003,-0.5591704128590235,-0.5470793419052501,0.3376263088041502,3,0.2605612289151404,1.4483762717373232,-0.8346441249213765,0.4778627289156428
259,2024-08-02,2.254437224800838,-0.464626861806366,-0.5470793419052501,0.5580111992679915,3,-1.5631105098233988,2.1322076368146408,-2.6791700708601227,0.1210938823449009
260,2024-08-03,2.2103747170728814,-0.775691427188076,-0.6618187716936772,-0.3235283625873738,3,-0.3543538995323499,0.7637243225852867,-2.249218373992426,-0.3994709872834462
261,2024-08-04,2.0707014013811134,-0.6723906677282998,-0.5470793419052501,-0.4557592968656785,3,-1.1041942620200036,1.8804239596070704,-4.096013896194816,0.1323330436635521
262,2024-08-05,1.8426542228249172,3.0898159846925264,2.0345578283343597,-0.8083751216078247,5,-1.8943445938416577,5.481994590297868,-4.258166913534941,4.82823973777889
263,2024-08-06,1.9529398707753436,0.0275161666510713,0.198726951719526,-1.2050679244427391,5,0.9000645778685957,1.2674476557914929,-2.6714218167331185,-3.9304565928179938
264,2024-08-07,1.9040595230652864,-0.3074769018048021,-0.2602307674341823,-0.6761441873295199,3,-0.427212601297856,1.3260685544846893,-1.7380430138839535,-0.4301812654521991
265,2024-08-08,2.264768796633095,-0.1898035659398529,-0.3176004823283959,-1.0728369901644343,5,2.8224162871556246,4.606851847139218,4.314548994826666,0.150779070898791
266,2024-08-09,2.2180823801684584,-0.6909650509088395,-0.432339912116823,0.1613183964330771,3,-0.3731776934774414,0.6695606045895662,2.700829333255456,-0.6434448481411186
267,2024-08-10,2.2227906612251283,-1.2959585440385957,-0.7765582014821043,-0.1912974283090689,3,0.0131198299488702,0.0044195676934646,3.2517364274556417,-0.7767047450746816
268,2024-08-11,2.1010690434303223,-1.030781251563188,-0.7191884865878907,-0.2353744064018372,3,-0.959005173248385,1.5931584982760798,-1.7077970898118584,0.3400883446322557
269,2024-08-12,2.1359764990428256,-0.5168427953457938,-0.5470793419052501,-0.852452099700593,3,0.2496699462850074,1.2524533467897967,-0.8689877378086274,0.6593529686006403
270,2024-08-13,2.2042724500906408,-0.7807603383523066,-0.6044490567994636,-0.5879902311439834,3,0.5016593736852257,1.3313514883211082,-0.2152875161762882,-0.3389616370962175
271,2024-08-14,2.09946144512753,-0.7644999698317799,-0.5470793419052501,-0.6320672092367516,3,-0.8313418795882285,1.4545069163947333,-0.0414413702558976,0.0206238151599292
272,2024-08-15,2.036570768099171,-0.4973392045359514,-0.5470793419052501,-0.6761441873295199,3,-0.5205186802467521,1.728500617112278,-1.046835356094095,0.3426339699004345
273,2024-08-16,2.1099884612739968,-0.7879160823819485,-0.6618187716936772,-0.7642981435150564,3,0.5579975035463481,1.0152706407629808,-0.9941823187358012,-0.3731767146619552
274,2024-08-17,2.1439787049781267,-1.361526583713509,-0.9486673461647448,-0.852452099700593,3,0.2418310981848082,-0.2082744681365572,0.432735934901352,-0.7364272398373853
275,2024-08-18,2.085365230420449,-1.1909894640588885,-0.8912976312705314,-0.5879902311439834,3,-0.4799722558857281,0.4435269912804252,0.4767068525877545,0.2186254171663327
276,2024-08-19,2.1410338271282523,-0.9263942743172016,-0.7191884865878907,-0.7202211654222882,3,0.4122429774691833,0.4125075569187054,0.2942408446984656,0.3393412633451415
277,2024-08-20,2.117652080580456,-0.6764016368356485,-0.6044490567994636,-0.6320672092367516,3,-0.2041486261935039,1.1052161497134472,-0.2955603344986211,0.3206000808945493
278,2024-08-21,2.235591988532153,-0.7771644077612658,-0.7191884865878907,-0.8083751216078247,3,0.8809315755308769,1.2311452875933588,1.51946112001276,-0.1295658207497338
279,2024-08-22,2.1926388337425946,-0.9716191357311597,-0.7191884865878907,-0.2353744064018372,3,-0.347766757648284,0.3072557813844189,0.5056000865675536,-0.2498117907582518
280,2024-08-23,2.3942162455864886,-0.4848831787641726,-0.6044490567994636,-0.4557592968656785,3,1.4691928714682023,2.299532189505204,2.818247361099718,0.6244407839029144
281,2024-08-24,2.4008101513647544,-1.1268974170511357,-0.7191884865878907,0.5139342211752232,3,0.0248720158483252,-0.1753493798492504,1.6735772338756405,-0.8242178460099389
282,2024-08-25,2.4042780492104,-1.2293292730563468,-0.7765582014821043,0.4257802649896867,3,0.0023930442414503,0.0031649556783984,2.1507995066883545,-0.1317079550455051
283,2024-08-26,2.327972184564189,-1.022699944180327,-0.7191884865878907,0.4698572430824549,3,-0.5752545174947005,0.3112366313997961,-0.7059234940883407,0.2649468181114163
284,2024-08-27,2.139740040822923,-0.5708890492439627,-0.6618187716936772,0.1613183964330771,3,-1.4399958024575443,2.6827856425186845,-2.7087934179022954,0.57961732099355
285,2024-08-28,2.1188137355184327,-0.5209201011795449,-0.6618187716936772,-0.6320672092367516,3,-0.1850727103383501,0.7818721158410713,-2.959573105348136,0.0638860222130808
286,2024-08-29,2.136657526132057,-0.804930087542652,-0.7765582014821043,-0.6761441873295199,3,0.116246853428267,0.8353931862351812,-1.9916865556674617,-0.3647486461146453
287,2024-08-30,2.123718561984039,-0.7617151761895494,-0.8339279163763178,-0.4557592968656785,3,-0.1229806105258358,0.6923470714578133,-0.1896203631697464,0.0552177680592965
288,2024-08-31,2.1154603515244923,-1.330474684030212,-1.0060370610589584,-0.6761441873295199,3,-0.0868292190401771,-0.3415820810023759,-0.059388568091347,-0.7302013861331832
289,2024-09-01,2.023401675153014,-0.9870790013443256,-1.0060370610589584,-0.8083751216078247,3,-0.75121279727625,0.4432014703251624,-1.1892187228384372,0.4404752561674585
290,2024-09-02,2.1241667075383104,-0.9239225893429566,-0.8339279163763178,-0.8083751216078247,3,0.7741209351568147,0.7294564603575322,-0.020307709985463,0.0808110544471887
291,2024-09-03,2.033634699007121,-0.9258499989731138,-0.7191884865878907,-0.8083751216078247,3,-0.7370116565429519,0.7952116933201903,-0.8661069040974169,-0.0027187117230901
292,2024-09-04,2.0602354959920484,-0.5586353387640786,-0.7191884865878907,-0.7642981435150564,3,0.1895812357207123,1.1467404165688908,0.3537478891771398,0.4710449672423226
293,2024-09-05,1.961637968578701,-0.782261320382384,-0.7765582014821043,-0.6761441873295199,3,-0.8175145566148002,0.9910464563423304,-1.6957587139695374,-0.2872507108318301
294,2024-09-06,1.8395799663445105,-0.013927768997093,-0.6618187716936772,-0.9846830339788978,5,-1.042557267242083,2.194510991314224,-2.019855336376078,0.9858482831281936
295,2024-09-07,1.8504747481301085,-1.1027611083333997,-0.9486673461647448,-0.9406060558861294,3,0.0702703035449105,-0.0797547259876962,-2.181317859192096,-1.3976736464755202
296,2024-09-08,1.8895135111618409,-1.1148712012844626,-0.9486673461647448,-0.6761441873295199,3,0.3070810579508503,0.3166551989675716,-0.7663757236942711,-0.0157873535984351
297,2024-09-09,2.009095151352896,-0.650241298161647,-0.7191884865878907,-0.8083751216078247,3,0.9611153804127628,1.542139870225538,1.7177519040445608,0.5960694703834759
298,2024-09-10,2.0417971142253366,-0.902818128268389,-0.8339279163763178,-0.4998362749584468,3,0.2399926585744477,0.2956116255472826,1.94193623273015,-0.3244067588949157
299,2024-09-11,2.025391353326401,-0.6317242976208075,-0.7765582014821043,-0.3235283625873738,3,-0.153800610542877,0.823606614980114,1.371949982458292,0.3476817378545709
300,2024-09-12,2.0691224315412486,-0.6880254577282664,-0.8339279163763178,-0.5879902311439834,3,0.3261051471224054,0.0284403015170749,0.5921835720568803,-0.0725029768340692
301,2024-09-13,2.19936432034085,-0.72405213717835,-0.7765582014821043,-0.5439132530512151,3,0.9881363893703828,1.200573444545125,1.5949231158311143,-0.0464823378168597
302,2024-09-14,2.171563330102468,-1.2341620849666128,-0.9486673461647448,0.2494723526186136,3,-0.2348319639646907,-0.0078756300541973,1.477776757963545,-0.6549294688677467
303,2024-09-15,2.1241595504225788,-1.1874401756449309,-1.0060370610589584,0.2935493307113819,3,-0.3887274296725055,0.3273431369986321,0.5408832247908825,0.0597187133469529
304,2024-09-16,2.073618751862789,-0.8206003371333718,-0.8912976312705314,-0.2353744064018372,3,-0.4188864508542141,0.3359219705070608,-1.3176167455741432,0.4705639142254455
305,2024-09-17,2.189233698296442,-0.6291375650194027,-0.7191884865878907,-0.4998362749584468,3,0.8753887995833761,1.687234054346419,0.1567418777434597,0.245481781975175
306,2024-09-18,2.2688428471264714,-0.5434594140552295,-0.6618187716936772,0.0290874621547723,3,0.5777766794620495,0.9422318764263612,1.4624726826096983,0.1097158658450469
307,2024-09-19,2.334247873966081,-0.5940598993603848,-0.4897096270110365,0.2053953745258454,3,0.4602548513742292,0.7276321866707572,2.654430365152341,-0.0651866266058191
308,2024-09-20,2.3481800255587,-0.8497633784708085,-0.6044490567994636,0.4257802649896867,3,0.0791795823317438,0.3806268483628655,1.6091008927399115,-0.3284195573696683
309,2024-09-21,2.356323171619177,-1.3426759983798515,-0.9486673461647448,0.4257802649896867,3,0.0367545877226513,-0.2849414347870138,0.8744090593052266,-0.6328581039648441
310,2024-09-22,2.3689747500432023,-1.1734734699618157,-0.8912976312705314,0.3376263088041502,3,0.0692701905482598,0.2848355255908407,0.3320878683268575,0.2169125783819733
311,2024-09-23,2.355829330633696,-0.8898032633147833,-0.7765582014821043,0.2494723526186136,3,-0.1177972287410919,0.6680415067983461,0.0537223586640554,0.3638224886612933
312,2024-09-24,2.40662888645455,-0.9155579149802334,-0.8339279163763178,0.4257802649896867,3,0.3439484956153559,0.5194344090352767,0.4922429793800262,-0.0332990296238843
313,2024-09-25,2.345480141285792,-1.0704868288732985,-0.7765582014821043,0.646165155453528,3,-0.4641909327479899,0.4400276410113705,-0.2664463686627572,-0.1990836385882789
314,2024-09-26,2.4567997171857523,-0.765926340240758,-0.7191884865878907,0.2494723526186136,3,0.7760068816422204,1.3203515927079237,1.013090922617092,0.3906334583575693
315,2024-09-27,2.489610137888895,-0.948327637753881,-0.6618187716936772,0.7343191116390646,3,0.2081512710646397,0.3092699422950951,0.8281572457728189,-0.2343421978184897
316,2024-09-28,2.4944577074286487,-1.320991255555988,-0.8912976312705314,0.8665500459173694,3,0.0114260937558488,-0.2606155250678486,1.5066190538227155,-0.4785283369596391
317,2024-09-29,2.4803642454583863,-1.343760541690995,-0.9486673461647448,0.8224730678246012,3,-0.121141657281494,-0.3919428854558327,0.2173356021289149,-0.0294675569408185
318,2024-09-30,2.355146651902373,-0.7186920233792307,-0.7765582014821043,0.7343191116390646,3,-0.9164482296445507,1.0446760337215295,-1.407239538927748,0.8019793213336653
319,2024-10-01,2.2163090671091115,-0.3247204695371783,-0.7765582014821043,0.2494723526186136,3,-1.0520200196105176,1.8612792584257989,-2.884365800132936,0.5053852535466894
320,2024-10-02,2.2076930008629843,-0.6747503581227594,-0.8339279163763178,-0.1031434721235324,3,-0.0877621160977406,0.7922684413497056,-2.828056537671612,-0.4494797952233921
321,2024-10-03,2.2133873122485244,-0.8279872201523085,-0.7765582014821043,-0.3235283625873738,3,0.0207006154102211,0.2895894878749617,-1.482243091660426,-0.196912028302275
322,2024-10-04,2.28679124173925,-0.9700774979309844,-0.8339279163763178,-0.1472204502163007,3,0.5275401660131653,0.5444927409037796,0.6996630065870342,-0.1826062983569126
323,2024-10-05,2.2852497091201345,-1.3590540335265184,-1.0060370610589584,0.2053953745258454,3,-0.0338983490768933,-0.3667285747962652,0.7723913232648891,-0.499464633794733
324,2024-10-06,2.327196463328356,-1.327346860067622,-1.0060370610589584,0.2494723526186136,3,0.2866933006287003,-0.0312181952210144,1.1450772529616533,0.0404485269275451
325,2024-10-07,2.2943887953620328,-0.8353487247509972,-0.7765582014821043,0.2494723526186136,3,-0.263952036047908,0.7650603148391698,0.0531903382930295,0.6311943597697415
326,2024-10-08,2.290892269053461,-1.0160040353452902,-0.8912976312705314,0.2053953745258454,3,-0.0483422545039983,0.079770887149746,0.0330924198087433,-0.232101366296765
327,2024-10-09,2.2069629750583606,-1.0070942726269028,-0.7765582014821043,0.2053953745258454,3,-0.651568947168919,0.6921978743533179,-1.2609509162684116,0.0111899133319338
328,2024-10-10,2.1899163770277643,-0.8929794033527143,-0.8339279163763178,-0.2353744064018372,3,-0.1521749170104676,0.7823468339008245,-1.0989224143342735,0.1462120698407734
329,2024-10-11,2.311786092063478,-0.9023978993408216,-0.8339279163763178,-0.5439132530512151,3,0.8905476775564825,1.429482492959067,0.1898799551091299,-0.0123329088638713
330,2024-10-12,2.348464658545872,-1.269537976480778,-1.063406775953172,0.2053953745258454,3,0.245997276432012,-0.1554993832649187,1.4297647493738015,-0.4714393239242093
331,2024-10-13,2.3299552561692085,-1.2407575746147808,-1.1207764908473856,0.2494723526186136,3,-0.1575927344418899,0.009261691902967,1.414726684205466,0.0366922547748008
332,2024-10-14,2.506899527307002,-0.4978071115886626,-0.7765582014821043,0.1613183964330771,3,1.240697815008727,1.9125216821330888,1.980909554803595,0.953271163620291
333,2024-10-15,2.561411974550469,-0.3243607385920029,-0.7765582014821043,0.9106270240101376,3,0.3543255090697874,1.3074596065422852,2.1642471705347783,0.2223592060757551
334,2024-10-16,2.5914647035074867,-0.7207925315088917,-0.7191884865878907,1.2632428487522838,3,0.182886098370404,0.3061571481604123,2.663480371251008,-0.5090328472951271
335,2024-10-17,2.580551203111514,-0.8537476638402806,-0.8912976312705314,1.175088892566747,3,-0.0968512643143457,0.0348150868909261,0.7322464244169452,-0.1708820857336367
336,2024-10-18,2.6359483799688808,-0.7557650201761533,-0.7191884865878907,1.2632428487522838,3,0.3528540193895275,0.3971199100960734,0.7413417088450669,0.1255076766561872
337,2024-10-19,2.633195643149032,-1.3479156895618327,-1.0060370610589584,1.2191658706595154,3,-0.0409891471738872,-0.3653993642289513,0.4040917317335251,-0.7602220303628399
338,2024-10-20,2.6692008902052917,-1.2253783076065083,-0.9486673461647448,1.2632428487522838,3,0.2186985691512729,0.0528543731616264,0.886430455774005,0.1570216765477145
339,2024-10-21,2.578113379383856,-0.6793728823824908,-0.7765582014821043,1.2191658706595154,3,-0.637087101781445,0.9879472255807912,-0.6194758435873646,0.7005083026877733
340,2024-10-22,2.580783534099109,-0.8747800030876257,-0.8339279163763178,1.131011914473979,3,-0.0042389093763198,0.0288404210245805,-0.5637269004529778,-0.2510341090008307
341,2024-10-23,2.5390878294888584,-0.8479215493405325,-0.8339279163763178,1.175088892566747,3,-0.3086592419403617,0.6719070681420697,-1.3625158690142591,0.0342255914329895
342,2024-10-24,2.623301205923767,-0.9327239902214722,-0.7191884865878907,1.0869349363812106,3,0.5522599361622093,0.7581497762264465,0.4396295605600002,-0.1090820414753676
343,2024-10-25,2.540721854065121,-0.5898150165264671,-0.7765582014821043,1.2191658706595154,3,-0.5859226239225592,1.3245562383800484,-0.4367608048861035,0.4398506049533449
344,2024-10-26,2.5624370937421803,-1.2426700480773143,-1.0060370610589584,1.2191658706595154,3,0.1269156933340086,-0.1406610530542776,0.215122623777085,-0.8381311182138862
345,2024-10-27,2.6135796405707885,-1.3346626909506942,-0.9486673461647448,1.307319826845052,3,0.3259131308572521,0.1330952886333903,-0.1248553726837778,-0.1183100781224147
346,2024-10-28,2.720413907096488,-0.7465037947739898,-0.6618187716936772,1.2191658706595154,3,0.6901865763166181,0.9697383971458926,1.8223731440282327,0.7546088377159438
347,2024-10-29,2.873147307356346,-0.1384942452872858,0.1413572368253124,1.2191658706595154,3,0.9627618010441188,1.7890475147907647,3.169278929737382,0.7800855289695557
348,2024-10-30,2.851583468204378,-0.8088211473924246,-0.3749701972226094,1.439550761123357,3,-0.1592694591375724,0.2054423209400731,2.4218355867715573,-0.8605548362035874
349,2024-10-31,2.73857095916021,-0.7376974177685711,-0.5470793419052501,1.439550761123357,3,-0.7517498236920014,1.2153982113826274,0.1617451331475956,0.0910364554965966
350,2024-11-01,2.6947473889882163,-0.4795824050043879,-0.6044490567994636,1.3513968049378202,3,-0.3110135165610627,1.0787946988447887,-1.8589191741399067,0.3310244857788606
351,2024-11-02,2.6880709011053554,-1.2807750345864162,-0.9486673461647448,1.2191658706595154,3,-0.066718995284377,-0.208762749569449,-1.7058727608102646,-1.0285103025825475
352,2024-11-03,2.655106877687665,-0.8633378601440949,-0.9486673461647448,1.307319826845052,3,-0.2420831868178679,0.4680766966563383,-0.8829504426525342,0.5355014598886891
353,2024-11-04,2.6041272928787915,-0.7247685754385597,-0.7765582014821043,1.131011914473979,3,-0.3659002103106738,0.9785545896842028,-0.9565164084252062,0.1775973135404429
354,2024-11-05,2.6879206016749917,-0.6222501802777455,-0.6618187716936772,1.131011914473979,3,0.5395773897961811,1.2744260112698942,-0.0264599029993852,0.1313289430235763
355,2024-11-06,3.029258866241524,1.4188422300916816,1.575600109180651,1.131011914473979,1,2.146328580771791,3.987588919875171,3.8214793067067134,2.619330264011113
356,2024-11-07,3.044999015377419,-0.2901713345133141,0.6003149559790208,1.439550761123357,1,0.0731984296848981,0.8218908482784333,4.507378080368654,-2.193624282155944
357,2024-11-08,3.080888647487245,-0.5309405097258703,0.2560966666137396,1.3513968049378202,3,0.1943247888135565,0.2868157780686803,4.014913989905086,-0.3092525988040315
358,2024-11-09,3.0901202256862903,-1.0956077770937005,-0.2028610525399688,1.3513968049378202,3,0.0329958292261281,-0.0249044450262723,0.6007581556963326,-0.7249493299195288
359,2024-11-10,3.2934125925689486,0.1989818272885743,1.0019029602385157,1.483627739216125,1,1.1691550731362637,2.567503752550427,2.528850918424848,1.6612549195331925
360,2024-11-11,3.749154599368401,0.7900249583444119,3.0672126964302038,1.3954737830305886,1,2.461252707085507,5.4880574180896,6.845058611295074,0.7583105174728292
361,2024-11-12,3.710837603930832,1.2219455673147506,3.0098429815359897,1.5717816954016617,1,-0.222167024911522,2.472560140599394,6.356245086143342,0.5540897644648576
362,2024-11-13,3.8442456906206233,0.9180818767861418,3.239321841112844,1.7480896077727346,1,0.6661201696563588,4.0117656324898405,5.637813832772128,-0.3902292528919666
363,2024-11-14,3.676350215957037,0.051878656977475,2.091927543228573,1.924397520143808,1,-0.8921539135174472,2.644672564006909,-0.7733655658030021,-1.111946082229398
364,2024-11-15,3.880409495317706,-0.2019620779265737,1.1166423900269429,1.5717816954016617,1,1.0306954025115354,2.410589088741637,1.7183348625362274,-0.3260288774112228
365,2024-11-16,3.855901879410592,-0.9290313164441132,0.3708360964021667,1.8362435639582717,1,-0.1466663495068159,0.3400520176269383,0.0949143188805124,-0.9333789877925482
366,2024-11-17,3.815660720935949,-0.8958740798788231,0.1413572368253124,2.012551476329344,1,-0.2277287340938227,1.0212724333756036,1.407238780472803,0.0423095644200109
367,2024-11-18,3.849138955591587,-0.2418459686618085,0.6576846708732345,1.7040126296799665,1,0.1484096392073876,1.3529715050996751,-0.346385259305408,0.8391465921411045
368,2024-11-19,3.9508090878432487,-0.3250502384533845,0.8297938155558751,2.012551476329344,1,0.4895197925183076,1.5777233796474677,0.9507596423390182,-0.1070309194906992
369,2024-11-20,4.0595845843743055,-0.3670663568250588,1.0592726751327293,1.7040126296799665,1,0.5140815321024367,1.430872738705495,2.482695321342519,-0.054169293193329
370,2024-11-21,4.281486002706506,0.4123507900254214,2.837733836853349,1.659935651587198,1,1.0380732311459415,2.526813633142841,4.419741873719628,1.00007317211481
371,2024-11-22,4.313135869566401,-0.2521052356255432,2.6656246921707085,2.188859388700417,1,0.1252422274693192,0.8435312101166934,3.699912651926668,-0.8530200460646781
372,2024-11-23,4.245991113056647,-0.8701978078359786,1.4034909644980105,2.144782410607649,1,-0.3368693774697289,0.3735264225262459,1.8913999572736075,-0.7935163425689062
373,2024-11-24,4.258523773250055,-0.6843750654557537,0.8297938155558751,1.5717816954016617,1,0.0365103878811014,1.0899302281893304,-0.2609733505905803,0.2382432647362784
374,2024-11-25,3.989304460626744,-0.1177624495116287,1.23138181981537,1.659935651587198,1,-1.3206701213473249,3.424444448960752,-3.3539982929717223,0.7269559478801867
375,2024-11-26,3.931780519302362,0.0844458565197647,1.0592726751327293,1.5277047173088931,1,-0.3086957083074118,2.0075195475766567,-3.2550934420810123,0.259272796592892
376,2024-11-27,4.14638112904096,-0.3973422091853286,1.0019029602385157,1.3513968049378202,1,1.0292540939824713,2.8442440363279906,-1.1777746250701349,-0.6185806477843296
377,2024-11-28,4.13431698465429,-0.7532008592448503,0.2560966666137396,1.439550761123357,1,-0.0804500603199304,0.4760316150005185,1.4658572377360315,-0.4569605342269657
378,2024-11-29,4.23429748704593,-0.7852933667360796,0.5429452410848074,1.483627739216125,1,0.4540778708803017,1.3786740971921296,3.0850499173794144,-0.0414331496229448
379,2024-11-30,4.1763793538089455,-1.1659278302098428,0.0266178070368853,1.7480896077727346,1,-0.2974375918292178,0.1016418263313233,0.2834759218719087,-0.488758265971833
380,2024-12-01,4.219167344389311,-1.095707986899085,0.0266178070368853,1.6158586734944298,1,0.180954963351304,0.6239537624202255,0.8473722368328419,0.0898763912827146
381,2024-12-02,4.145142948019392,-0.4894803736323783,0.6576846708732345,1.5717816954016617,1,-0.3754380981819937,1.7041950524528158,-0.9414500443009716,0.7777985594576946
382,2024-12-03,4.145642294478512,-0.5509493260310797,0.2560966666137396,1.3954737830305886,1,-0.0200720932789795,1.0208384054352564,-0.3409009216508665,-0.0791354159085283
383,2024-12-04,4.29636179248097,-0.3195564126577619,0.4855755261905938,1.483627739216125,1,0.6910214012210812,2.163430521773396,0.7686671806676958,0.2967288550407798
384,2024-12-05,4.205978982285417,1.585964845760046,4.042497849631833,1.7480896077727346,1,-0.4479166230468818,8.386190827835193,0.600497805302004,2.445335769863758
385,2024-12-06,4.359868532009611,-0.2849768638196736,1.862448683651719,1.2191658706595154,1,0.6976973353174177,3.1841421671126886,2.1773948654486017,-2.40144582285622
386,2024-12-07,4.364886771232196,-1.1535808740219615,0.715054385767448,1.3513968049378202,1,0.0006733189958607,0.2530361972738079,0.6795424489380228,-1.115027300498024
387,2024-12-08,4.435224702452974,-1.162779499263166,0.3708360964021667,1.5277047173088931,1,0.2997076560441069,0.9977467626714496,2.331799628661718,-0.0120507227288826
388,2024-12-09,4.224193291274992,-0.0283091134682275,0.6576846708732345,1.483627739216125,1,-1.0016424507595902,3.9630934679917975,-1.4196967393174695,1.4557549880188854
389,2024-12-10,4.18656503058975,-0.0929239690266421,0.8871635304500886,1.483627739216125,1,-0.2011084871417619,1.8930378966234256,-1.858115483792184,-0.0831729255190257
390,2024-12-11,4.436073095940851,-0.4953893988738795,0.7724241006616616,1.307319826845052,1,1.1392030520376315,3.396063090673957,-0.0161930417967602,-0.5167765272038104
391,2024-12-12,4.374372702313394,-0.7411587163535558,0.5429452410848074,1.7040126296799665,1,-0.304818784293347,1.360607684175162,1.5189743779711762,-0.3156698727735177
392,2024-12-13,4.452548225807647,-0.95250274031467,0.198726951719526,1.3954737830305886,1,0.3347425677851854,0.995685129954793,2.709471834389084,-0.2714878219064273
393,2024-12-14,4.45231424317796,-1.1749297862491246,-0.0307519078573281,1.7040126296799665,1,-0.023531334180264,0.5550992986960233,0.1420490598371792,-0.2857119748631246
394,2024-12-15,4.619900310222995,-0.9431329896916276,0.198726951719526,1.5717816954016617,1,0.7267623290532415,1.8926309954293457,2.499182293053237,0.2972472061008266
395,2024-12-16,4.707694446713163,-0.3930456953576378,1.23138181981537,1.7040126296799665,1,0.3613651157262573,2.195914800433791,2.59806450477921,0.7057470481047837
396,2024-12-17,4.711827956321849,-0.7459794217456417,0.9445332453443022,1.8803205420510396,1,-0.0045405629721428,1.227110184085437,2.642963628219322,-0.4532066337302954
397,2024-12-18,4.385368234266599,-0.1333205150409716,0.9445332453443022,1.6158586734944298,1,-1.4790681289819283,3.596272041532416,-2.435974503597036,0.7860525989959214
398,2024-12-19,4.234399888855628,0.0062498499398179,1.0019029602385157,1.3513968049378202,1,-0.7254633118894618,3.986307181113832,-4.8905240626231405,0.1788821182617006
399,2024-12-20,4.253315595186901,0.2293806521344647,1.0019029602385157,1.307319826845052,1,0.0666888516992969,3.240559017671308,-4.738558669409101,0.2861251105536407
400,2024-12-21,4.225047740783873,-0.9069492258205426,0.0839875219310989,1.2632428487522838,1,-0.1558253774853155,1.302190236079005,-1.673057291541916,-1.4586315721975085
401,2024-12-22,4.10911788125803,-1.0260518475730176,-0.0881216227515417,1.2632428487522838,1,-0.576840383483434,1.3398353782175862,-1.3128512013996068,-0.1531035204846732
402,2024-12-23,4.092337197604231,-0.6379480768765314,0.3134663815079531,1.131011914473979,1,-0.1037285634275738,1.8967406974895105,-1.679820742003404,0.4978544334165814
403,2024-12-24,4.300560266678604,-0.9014498341113286,0.2560966666137396,1.2632428487522838,1,0.9678408661714284,3.185295053829235,0.7513765186092543,-0.3384280100377919
404,2024-12-25,4.342733295853416,-1.1667834667805743,0.0839875219310989,1.2632428487522838,1,0.1734765032939001,0.4849359694642051,2.376721391266559,-0.3407790724501819
405,2024-12-26,4.142444164841212,-0.9730276619924768,0.2560966666137396,1.5277047173088931,1,-0.9668566996192292,2.402410374740714,0.4901997947636327,0.2484247020171967
406,2024-12-27,4.060271116937176,-0.8199168164688693,0.1413572368253124,1.307319826845052,1,-0.4203449298449098,1.9141357235362595,-2.4951589399783805,0.1962602184595986
407,2024-12-28,4.115379256428458,-1.3423718236102713,-0.2602307674341823,1.2191658706595154,1,0.2450483352801115,0.255172428542712,-2.3621821461771213,-0.670773343662991
408,2024-12-29,4.029394769123659,-1.192686763149301,-0.2602307674341823,1.2632428487522838,3,-0.4411183622410848,0.7516936106137735,-1.1870963011455078,0.1918635032996962
409,2024-12-30,3.9773047302816575,-0.7876686586467642,0.2560966666137396,0.9106270240101376,1,-0.2794964960758464,1.5407903145985211,-0.8778339914247728,0.5195625985539076
410,2024-12-31,4.020464890880069,-1.0186051480709275,-0.0307519078573281,0.8665500459173694,1,0.1906794285062366,2.030577281907632,-1.0006627796382233,-0.2966331501585573
411,2025-01-01,4.076388941564754,-1.285053404902836,0.9445332453443022,0.954704002102906,1,0.2510741450138796,0.7060325149518931,0.4581993354253719,-0.342209601471696
412,2025-01-02,4.208134925762721,-0.9505862868735072,1.5182303942864377,1.131011914473979,1,0.6105058242036503,1.5092215636248003,2.3480885076810845,0.4290161731065273
413,2025-01-03,4.2736164786859225,-1.1442976182844704,1.2887515347095837,1.307319826845052,1,0.286350155348942,1.122258528058666,2.577559081329876,-0.2488577020280168
414,2025-01-04,4.276166614075831,-1.3249474884210204,0.8871635304500886,1.2632428487522838,1,-0.0105187006275756,0.028196160800629,2.0288593056903497,-0.2320943839138663
415,2025-01-05,4.2840454974016025,-1.3507429204472037,0.7724241006616616,1.2191658706595154,1,0.0144183849806917,0.2292189140472473,0.7554685476332359,-0.0333513678841613
416,2025-01-06,4.497216886183335,-0.855616375130556,1.575600109180651,1.3954737830305886,1,0.9557197832518926,2.26368419430712,2.273764129890156,0.6352094183393826
417,2025-01-07,4.206473373818261,-0.6596041113646943,1.747709253863292,1.483627739216125,1,-1.3662032169272034,3.6082010282054138,-0.741382085838284,0.2513206827088735
418,2025-01-08,4.102199703082386,-0.6121672776167029,1.4034909644980105,1.131011914473979,1,-0.5222997853097013,2.404573732755886,-1.8943438071427603,0.0606362604218179
419,2025-01-09,3.964115817630399,-0.5879367665540778,1.5182303942864377,1.0869349363812106,1,-0.699916228931676,2.0050645770390787,-5.5053528384233,0.0308528417627983
420,2025-01-10,4.083783893757596,-0.6762453574951067,1.460860679392224,0.2494723526186136,1,0.565667997561076,1.632973780116402,-1.286199244727545,-0.1135818985417709
421,2025-01-11,4.07684039040321,-1.3809599832741684,0.6003149559790208,1.0869349363812106,1,-0.056224619338245,-0.0019348726206834,-0.2856160813933301,-0.9046886692454318
422,2025-01-12,4.073816233732924,-1.3359988591817094,0.6003149559790208,0.7783960897318328,1,-0.0371852853929269,0.3505093783146867,1.1028382313766791,0.0574588894032121
423,2025-01-13,4.073322943294808,-0.3550581983944672,1.575600109180651,0.7343191116390646,1,-0.024870837234063,3.703646484962468,-0.1324564722400664,1.2587121329959392
424,2025-01-14,4.184795571361951,-0.78111625745853,1.23138181981537,0.8224730678246012,1,0.5144385499661727,1.2225461090252223,1.084896693332416,-0.5470557387255403
425,2025-01-15,4.401517990641289,-0.7043034122746518,1.460860679392224,1.131011914473979,1,0.9898936954266752,2.007295751919924,3.3439570649614034,0.0983379703820466
426,2025-01-16,4.373437322342011,-0.7815132274486714,1.747709253863292,1.3513968049378202,1,-0.1513826229639048,1.5662080758551236,3.060350588664849,-0.0993375268783594
427,2025-01-17,4.598621104058199,-0.4544916573232683,2.2640366879112137,1.3513968049378202,1,0.993303078174528,3.1822297315005272,4.229335178803177,0.4194604208499132
428,2025-01-18,4.624978559108252,-0.8831763938423612,1.575600109180651,1.439550761123357,1,0.0938060711667181,1.0099741435534282,2.2723265429301294,-0.5504268645771471
429,2025-01-19,4.447445752838376,-0.3326284592333065,1.862448683651719,1.439550761123357,1,-0.8161632156945761,3.7629998058049927,0.7359139691023402,0.70633824225258
430,2025-01-20,4.498560772298784,0.9978365417755936,4.042497849631833,1.3954737830305886,1,0.2086096468136315,5.978692096219701,-1.0535648478084894,1.7072980592316218
431,2025-01-21,4.71238290806473,-0.2592660023016935,3.4114309857954845,1.3954737830305886,1,0.9219534001025366,4.000996314219973,0.8736280081222327,-1.6136334191706212
432,2025-01-22,4.578205706707473,-0.9425627924294856,2.3787761176996405,1.7480896077727346,1,-0.6109847778638589,1.2432709431768276,1.319336563638262,-0.877200627532813
433,2025-01-23,4.589419255416808,-0.0281936260245888,2.837733836853349,1.3513968049378202,1,0.0272410095628852,2.9606516862665218,0.9091375379928004,1.1732730604281754
434,2025-01-24,4.642280611115731,-0.9033240207562612,2.3787761176996405,1.3513968049378202,1,0.2105647457427454,2.134832149516432,-0.7455873106858872,-1.1234033816808893
435,2025-01-25,4.635473092960244,-1.3226902273910417,1.23138181981537,1.3513968049378202,1,-0.0523600100058149,-0.0282342531311189,0.5638110388657467,-0.5384672930158125
436,2025-01-26,4.518379926854332,-1.3012275117126468,1.1166423900269429,1.2632428487522838,1,-0.5421984587693154,1.1918793223650377,-0.7552202752762089,0.0273006025817491
437,2025-01-27,4.488806174103969,-0.1203383856999922,2.321406402805427,1.175088892566747,1,-0.1554394332572911,2.8891116746614145,-1.6026777882042458,1.5153296475749338
438,2025-01-28,4.447663219047144,-0.949099038942146,1.8050789687575053,1.2191658706595154,1,-0.2086254917461774,1.56335298581003,-1.9556563250082248,-1.0638916079881229
439,2025-01-29,4.579669061600904,-0.916414174792546,1.2887515347095837,1.2191658706595154,1,0.5700227216986795,1.514084032894006,0.6051558134440931,0.0417033130285166
440,2025-01-30,4.634156734212993,-1.02546799162987,1.346121249603797,1.131011914473979,1,0.2181084307906637,1.327065462410181,1.4693323495212611,-0.1402067006020696
441,2025-01-31,4.507895302854892,-0.9502202312231632,1.4034909644980105,1.3954737830305886,1,-0.5834757916983888,2.1904419793734657,0.5942890143762669,0.0963293119751398
442,2025-02-01,4.40913206068499,-1.2297481023580965,0.7724241006616616,1.0428579582884423,1,-0.4701215750640845,0.8695050696718809,-1.7780860364906406,-0.3589962175145353
443,2025-02-02,4.247543106075677,-0.5857834671803522,1.747709253863292,0.6902421335462963,1,-0.7723822327187402,2.7700049134688496,-3.999418240106032,0.8262309430696726
444,2025-02-03,4.447277835892365,0.583558454258715,3.583540130478125,-0.0149895159379959,1,0.9012802815553664,6.813524494418568,-0.6480804282169236,1.500509754185562
445,2025-02-04,4.250986229289945,-0.4228786856324525,1.9198183985459325,1.2191658706595154,1,-0.9300068913488374,2.956982793833269,-1.6507011163763496,-1.2919248582138565
446,2025-02-05,4.187634744117943,-0.8276448923846984,1.4034909644980105,0.4257802649896867,1,-0.3224477617389226,1.2016720777691314,-0.6407906171756003,-0.5197293863332787
447,2025-02-06,4.184437165028007,-0.9060360624079864,1.1740121049211565,0.2053953745258454,1,-0.0377052146920005,1.5064139453856775,-2.726995306340891,-0.1008536992826503
448,2025-02-07,4.181819312312331,-0.6672657063519969,1.1166423900269429,-0.0149895159379959,1,-0.0349498083236971,2.2349637516919385,-0.7359713254691002,0.3061971998117282
449,2025-02-08,4.178402615371534,-1.291573740153109,0.5429452410848074,-0.0149895159379959,1,-0.03876740891151,-0.0203878417720279,-0.1198238183237222,-0.8014933795697282
450,2025-02-09,4.179394151174043,-1.1769713171519958,0.5429452410848074,0.0731644402475406,1,-0.0177389272130001,0.9413163487396916,-0.0767584672263162,0.1468378052045642
451,2025-02-10,4.232690989837866,-0.9908940715774992,0.6576846708732345,-0.0590664940307641,1,0.230524781362562,1.2660981001644758,0.498061244714258,0.2385698987871712
452,2025-02-11,4.141706431373493,-1.0464151074217938,0.6576846708732345,0.1172414183403088,1,-0.4559009104566032,1.6136866635172047,-0.4021625013957023,-0.0715017510969758
453,2025-02-12,4.256869378421326,-0.7434925181406519,0.7724241006616616,0.0731644402475406,1,0.524906087103439,1.9054483830427411,0.7715536741700804,0.3885313483953219
454,2025-02-13,4.1873985592988,-1.00967204941118,0.5429452410848074,0.2494723526186136,1,-0.3512509385308602,1.1152394824608534,-0.4905344808982723,-0.3418647141749241
455,2025-02-14,4.236526102775279,-1.060106733709531,0.8297938155558751,0.1613183964330771,1,0.210474922062449,0.916285143617456,0.9498597355412164,-0.0649738345634649
456,2025-02-15,4.240334789439222,-1.3722653874293913,0.2560966666137396,0.2494723526186136,1,-0.0044994256525087,-0.3210335707015481,-0.1948952885505837,-0.4008751602524638
457,2025-02-16,4.160420637369553,-1.3479803633493384,0.2560966666137396,0.4257802649896867,1,-0.4022206722936004,0.2958354212040304,-0.3022558674659338,0.030922804765659
458,2025-02-17,4.141805529899007,-1.108586950291133,0.4855755261905938,0.2935493307113819,1,-0.1117518062385585,0.4201437359941971,-0.998670533142454,0.3069968425555194
459,2025-02-18,4.13584530413667,-0.9102758742300036,0.8871635304500886,0.1172414183403088,1,-0.0511228387144325,1.4538287477379452,-1.099097867860888,0.254271020422295
460,2025-02-19,4.189393192398462,-1.1101309385859333,0.6003149559790208,-0.0149895159379959,1,0.2338014875634086,0.4394105075336913,0.2729317309014124,-0.2567426811740034
461,2025-02-20,4.280818739301375,-1.0922821121427269,0.6003149559790208,0.2053953745258454,1,0.4091741978282953,0.7284934608648872,1.4041824932349738,0.0226624710889549
462,2025-02-21,4.163936432835864,-0.6541415609909881,0.8871635304500886,0.4698572430824549,1,-0.5756220913901479,2.2928793549820647,0.2638704052203763,0.5620725519377024
463,2025-02-22,4.184253282208441,-1.2592455233304596,0.3134663815079531,0.2053953745258454,1,0.0745523246000658,-0.0085131085915843,-0.0777545904741967,-0.7768465232773936
464,2025-02-23,4.1681216938967625,-1.2703008642640328,0.198726951719526,0.2494723526186136,1,-0.0994747594225721,0.1356316394097902,-1.183474034789563,-0.0144336655822744
465,2025-02-24,3.909082552580616,-0.6743061633789529,0.8297938155558751,0.2053953745258454,1,-1.292180595768962,2.664305546621077,-2.6448887156758567,0.7646654526878208
466,2025-02-25,3.750938923375026,0.6749356664034211,3.0098429815359897,-0.852452099700593,1,-0.8301189649976026,3.572346251320756,-4.47951568683877,1.731396584449568
467,2025-02-26,3.507029374168133,0.0566094450196338,2.1492972581227865,-1.028760012071666,1,-1.320908822507145,4.025661308267535,-6.821141092218455,-0.7938162121882173
468,2025-02-27,3.5322714202587835,-0.3583491746592439,2.206666973017,-1.513606771092117,1,0.1150340651263117,2.129386455202384,-3.898645658125547,-0.5328105153624336
469,2025-02-28,3.512526589597372,0.8282204646799164,3.239321841112844,-1.2491449025355073,1,-0.1299641849042205,3.824475794543293,-2.475864711841813,1.522620122196669
470,2025-03-01,3.6069228900762647,-0.8405726070540984,1.1740121049211565,-1.0728369901644343,1,0.4873686797897417,1.0248192554506286,1.0020203710667523,-2.1420045665254306
471,2025-03-02,4.058672877939571,-0.0011998495432643,2.493515547488068,-0.8083751216078247,1,2.284748046592276,5.91860635322783,5.386649279525964,1.0770212986002063
472,2025-03-03,3.615515833333105,0.1222951879480269,3.583540130478125,-0.4998362749584468,1,-2.2837819927566416,5.477762817879485,1.0338453768783904,0.1582507491649292
473,2025-03-04,3.673949278902765,0.0195657353857387,3.0098429815359897,-1.2932218806282756,1,0.2875079173668985,4.235473127306186,0.6641364973429155,-0.132089895905808
474,2025-03-05,3.85695287432841,-0.4806741858201466,1.9198183985459325,-1.0728369901644343,1,0.9244930572165184,2.3352106425390886,-2.098656608991315,-0.6422620963648221
475,2025-03-06,3.81983937542848,-0.5937737175550577,1.6903395389690783,-0.852452099700593,1,-0.2116756448562016,2.5448800461598093,2.0755922014731505,-0.1453990450421408
476,2025-03-07,3.647510342842845,0.0879535948220501,3.124582411324417,-0.4557592968656785,1,-0.9200100010145544,3.657992170987162,-0.2967149318995774,0.8746962531475716
477,2025-03-08,3.615617134048076,-1.209609610360362,1.2887515347095837,-0.7202211654222882,1,-0.1921229662257023,0.3097310969817146,-2.505918203013755,-1.6655613711022104
478,2025-03-09,3.313472336322552,-0.8310454954303808,1.23138181981537,-0.7642981435150564,1,-1.68870669956702,3.579331388485727,-5.230519038457547,0.4856110648566886
479,2025-03-10,3.195737231990252,-0.2104575046814026,3.239321841112844,-1.0728369901644343,1,-0.7026173146882072,3.69024587230424,-4.669277165560568,0.7962289303723308
480,2025-03-11,3.4345167808596746,-0.177675041361675,2.952473266641776,-0.8965290777933612,1,1.3384132446938837,3.926146839569713,-1.8866804498834704,0.0418285735872053
481,2025-03-12,3.475649826063948,-0.6632348142791642,1.8050789687575053,-0.4557592968656785,1,0.2047541985987741,1.837929911572422,1.642318207182114,-0.623421325753393
482,2025-03-13,3.3344707633317228,-0.7897782890028042,1.5182303942864377,0.0290874621547723,1,-0.8110179275400715,2.1527561471154786,1.4013073193149457,-0.1626532471787764
483,2025-03-14,3.492335815571144,-0.8096131922683908,1.23138181981537,-0.7642981435150564,1,0.857676121490002,2.21680239506302,0.5694821496292591,-0.0257015163366811
484,2025-03-15,3.5118934601288063,-1.2576144208019846,0.6576846708732345,0.0731644402475406,1,0.0844719116225285,-0.1110725545584015,0.347680593030944,-0.5752180034616493
485,2025-03-16,3.4147818600508137,-1.076744807970018,1.0019029602385157,-0.6320672092367516,1,-0.5579783557424346,1.2979177735412066,0.8007072585442121,0.2318863277493957
486,2025-03-17,3.4938129341486746,-1.0877440190919467,1.0019029602385157,-0.5439132530512151,1,0.414190146949971,0.7315859099398622,-0.009729560267881,-0.0143616275561667
487,2025-03-18,3.422517050514589,-1.0763187333767388,0.8297938155558751,-0.4557592968656785,1,-0.4160574731587262,1.1291622849848149,-0.9437309401469768,0.0144183815203874
488,2025-03-19,3.649943211644227,-0.7723361878234436,0.9445332453443022,-0.5439132530512151,1,1.2122540949733445,2.191011641045169,2.392614084903246,0.3898917156470322
489,2025-03-20,3.505559412706334,-0.9471307670444492,0.7724241006616616,0.2053953745258454,1,-0.7993420194079076,1.7472180720397714,0.0958425246342217,-0.22457959654008
490,2025-03-21,3.4981490451873003,-1.2393803151232523,0.3708360964021667,-0.5879902311439834,1,-0.0629919195337844,0.3072218729515821,0.7526046932955641,-0.3753234502088827
491,2025-03-22,3.484484459613571,-1.4279030571242122,0.0266178070368853,-0.5439132530512151,1,-0.097362352277921,-0.2088712565545383,-1.7258801226356544,-0.2421985715512463
492,2025-03-23,3.6079122236893184,-1.3401774932525206,0.198726951719526,-0.6320672092367516,1,0.6461128280656433,0.744511804538337,1.0273026582729752,0.1123435529895919
493,2025-03-24,3.685851011817064,-0.7156772302328912,0.8297938155558751,0.0290874621547723,1,0.3907978583836763,1.372801156624299,1.9047174459228755,0.8012500121061619
494,2025-03-25,3.6800542986218256,-0.9311835161324395,0.7724241006616616,0.0731644402475406,1,-0.0529755498427576,0.6833003015761957,1.9856015216927696,-0.2768297449487654
495,2025-03-26,3.653424322626608,-1.0533073615807822,0.7724241006616616,0.1172414183403088,1,-0.1630869616156443,0.8090124254859288,0.4429631775657008,-0.1569810141925976
496,2025-03-27,3.671198193725008,-1.0911098296259023,0.3708360964021667,-0.1912974283090689,1,0.0714702980315048,0.4979974977940465,-0.1755501222933963,-0.0487614173544911
497,2025-03-28,3.5166248641747626,-0.8002630071337666,0.5429452410848074,-0.0149895159379959,1,-0.8513324682550306,1.83689231352752,-1.7050181323419047,0.3730330885985446
498,2025-03-29,3.4188564610915537,-1.246895431611589,0.0839875219310989,-0.8083751216078247,1,-0.5610842942652455,1.1921234630814836,-2.436342390023808,-0.5734612553198633
499,2025-03-30,3.404622058996116,-1.2997283085599738,0.2560966666137396,-0.5439132530512151,1,-0.101851942862846,0.5069832324965551,-2.76539698950503,-0.0680517188404937
500,2025-03-31,3.41343191791436,-0.991001834401747,0.8871635304500886,-0.4557592968656785,1,0.0266904006865575,0.9782561954752124,-1.0857690596292722,0.3959801603198399
501,2025-04-01,3.557032838500688,-1.001924911128144,0.3708360964021667,-0.4557592968656785,1,0.7656767280875748,1.305241995034574,1.3955796106396183,-0.0142639152814903
502,2025-04-02,3.4115754722030536,-0.4325843529408634,0.6003149559790208,-0.0149895159379959,1,-0.8209673120130091,3.362317418311936,0.0465683826110703,0.7304570388116148
503,2025-04-03,3.4499376125244674,-0.7957895786415562,1.575600109180651,-0.852452099700593,1,0.190577235650358,1.061141968708465,0.3503746536331713,-0.4663892636727186
504,2025-04-04,3.487197557023214,-0.6349263868309942,1.632969824074865,-0.7202211654222882,1,0.1827551028897166,1.247109377774269,-0.7428423119630233,0.2062097213681167
505,2025-04-05,3.4678248963798457,-1.3142664898570624,0.6003149559790208,-0.6320672092367516,1,-0.1289652260975102,0.4502951144752224,0.5533460849717945,-0.872122542993047
506,2025-04-06,3.1866058534114488,-0.7783447840549191,1.346121249603797,-0.4557592968656785,1,-1.6210295408870128,3.690415414468438,-2.732043840074481,0.6875666728891345
507,2025-04-07,3.2269741883271688,0.676505155978679,3.0098429815359897,-0.9406060558861294,1,0.2132933750538541,3.739094360653046,-2.7000886590656705,1.8669359632665117
508,2025-04-08,3.070573592075907,-0.5656580061517763,1.8050789687575053,-0.8965290777933612,1,-0.9483731653046442,2.309860698148169,-4.108776725308329,-1.594459943344136
509,2025-04-09,3.417022037274807,0.5928897512222981,2.321406402805427,-1.1609909463499708,1,1.9848118106117043,5.253051633451088,2.343832344712861,1.486656326747679
510,2025-04-10,3.2514217945716104,-0.6242765575561892,1.346121249603797,-0.2353744064018372,1,-0.9621257591146332,2.079798763017676,0.2264139071834896,-1.5623785249034088
511,2025-04-11,3.4615403982201305,-0.5910918767310193,0.8297938155558751,-0.852452099700593,1,1.1639617214876,2.786158890873656,3.9943406489615807,0.0423447868847187
512,2025-04-12,3.563560128047913,-1.0515204227006911,0.5429452410848074,-0.0590664940307641,1,0.5341441527679792,1.2817298877035586,1.4815405190990103,-0.5911674497839071
513,2025-04-13,3.4800475984073387,-0.8724416465322337,0.4855755261905938,0.0290874621547723,1,-0.4771970479565007,1.2503442422671749,2.3254267037917398,0.2295879352456647
514,2025-04-14,3.525830016100337,-0.7576841058828913,0.6576846708732345,-0.5879902311439834,1,0.227826615367025,0.6103022273589872,0.6360016753813935,0.1470368860292706
515,2025-04-15,3.473660698437925,-0.9811425497240076,0.5429452410848074,-0.2794513844946055,1,-0.3078810242608545,1.13549638023926,-0.9491077417690668,-0.2870356897866229
516,2025-04-16,3.4949332980343537,-0.9824043209066844,0.4282058112963802,-0.6761441873295199,1,0.0942983756861911,0.7909460124689611,0.1281146539491756,-0.0018644191742169
517,2025-04-17,3.545447670320672,-1.1882787366653236,0.3134663815079531,-0.6320672092367516,1,0.2526728193672773,0.3470100280456319,0.1767605591512101,-0.2644680267754287
518,2025-04-18,3.5193946679628945,-1.395897626085701,0.1413572368253124,-0.4998362749584468,1,-0.1640023972067409,-0.2671598526059029,0.445244073411706,-0.2667069161553453
519,2025-04-19,3.5525552367895217,-1.3054362194248712,-0.1454913376457552,-0.5439132530512151,3,0.1575379959207373,0.0620367767746104,0.5674559443864042,0.1158547836261265
520,2025-04-20,3.558183482491385,-1.3508571279527877,0.0266178070368853,-0.3235283625873738,1,0.007955952813738,0.1011671082715603,0.1060131693867597,-0.058539063106656
521,2025-04-21,3.6868458509037567,-0.6678669723944115,1.1740121049211565,-0.2353744064018372,1,0.6632813236061582,1.4235892073315437,1.6965333469064037,0.8763170091664525
522,2025-04-22,4.013142060391908,-0.3189158734552167,1.2887515347095837,0.1172414183403088,1,1.6377135008446693,3.7908996643454698,4.710055202565855,0.4476051789191461
523,2025-04-23,4.026800589944633,-0.793876687569671,1.23138181981537,1.2191658706595154,1,0.0447073476158437,1.0434146400198945,4.7926089167341885,-0.6098184283163273
524,2025-04-24,4.042732880110554,-1.021921023428091,0.715054385767448,0.8224730678246012,1,0.0556660259971128,0.7615338378238476,3.633710074480685,-0.2929213074145527
525,2025-04-25,4.078970458154409,-0.7910936327166546,0.715054385767448,0.6902421335462963,1,0.1543556668549528,1.1393348148367015,0.6518207917327147,0.2960030529208867
526,2025-04-26,4.078382473569689,-1.3126899548544186,0.198726951719526,0.9106270240101376,1,-0.0253289715783177,0.0720533278354374,0.505362375337946,-0.6696712916357779
527,2025-04-27,4.030005876697666,-1.2622834606293345,0.2560966666137396,0.7343191116390646,1,-0.2588325181218679,0.3691657980630612,-0.1557521727417066,0.0644475769523846
528,2025-04-28,4.0994783474622825,-0.9451918575832888,0.715054385767448,0.4257802649896867,1,0.3162789100511124,1.0904456363684991,0.1859124414911384,0.4067161196176769
