,date,close,volume,trend,fg_index,cluster,log_return,hl_spread,momentum_3,vol_change,rolling_std_5
0,2023-11-17,36613.92,38283.61112,44,63.0,7,0.012377896572665345,938.9000000000015,1062.729999999996,-9206.78454,0.04207882306849571
1,2023-11-18,36568.1,17102.24186,34,69.0,3,-0.001252220312786142,666.9099999999962,-1290.0999999999985,-21181.369260000003,0.04136681005307444
2,2023-11-19,37359.86,21246.34648,34,66.0,3,0.021420590373204398,1115.9800000000032,1196.3499999999985,4144.104620000002,0.039279863147646595
3,2023-11-20,37448.78,36022.70291,46,69.0,7,0.0023772666332884944,1073.0,834.8600000000006,14776.35643,0.025947024718552973
4,2023-11-21,35741.65,47646.54804,46,71.0,7,-0.046657457238005864,1914.4400000000023,-826.4499999999971,11623.845130000002,0.026309004111804035
5,2023-11-22,37408.34,45051.30697,49,62.0,7,0.045576998787717926,2229.0899999999965,48.479999999995925,-2595.2410700000037,0.0340150389655142
6,2023-11-23,37294.28,23827.92882,39,66.0,7,-0.003053710529443689,783.4400000000023,-154.5,-21223.378149999997,0.03409790039587946
7,2023-11-24,37713.57,44680.80646,44,66.0,7,0.011180012954367782,1162.489999999998,1971.9199999999983,20852.87764,0.033077149839463964
8,2023-11-25,37780.67,11396.14464,38,73.0,7,0.0017776195288349984,296.90000000000146,372.33000000000175,-33284.66182,0.03307600414809568
9,2023-11-26,37447.43,21264.53723,38,73.0,7,-0.008859513391713852,664.6299999999974,153.15000000000146,9868.392590000001,0.021555280328877022
10,2023-11-27,37242.7,30001.07376,40,66.0,7,-0.005482130309367848,862.2300000000032,-470.8700000000026,8736.536529999998,0.007779521583174551
11,2023-11-28,37818.87,37544.46667,44,68.0,7,0.01535223194675372,1508.5899999999965,38.200000000004366,7543.392910000002,0.01040872397074714
12,2023-11-29,37854.64,32994.19107,44,72.0,7,0.0009453771250752638,880.0,407.2099999999991,-4550.275600000001,0.009293835239975526
13,2023-11-30,37723.96,24740.29147,42,74.0,7,-0.0034581251896556686,645.8499999999985,481.26000000000204,-8253.8996,0.009442415301783864
14,2023-12-01,38682.52,43415.66324,45,71.0,7,0.025092382063089787,1383.1399999999994,863.6499999999942,18675.37177,0.013206321547311854
15,2023-12-02,39450.35,26696.92161,46,74.0,7,0.019655100831166433,1075.5299999999988,1595.7099999999991,-16718.74163,0.012260121035948042
16,2023-12-03,39972.26,26710.65335,49,73.0,7,0.013142794289187723,975.1399999999994,2248.300000000003,13.731739999999263,0.012126436919857854
17,2023-12-04,41991.1,79272.33059,91,74.0,7,0.049271977534901416,2447.739999999998,3308.5800000000017,52561.67724,0.019218875954239944
18,2023-12-05,44073.32,67490.74644,90,75.0,7,0.04839691964470645,3074.0,4622.970000000001,-11781.584149999995,0.016725294643177985
19,2023-12-06,43762.69,51431.10492,87,72.0,7,-0.007072982823143485,961.9300000000003,3790.4300000000003,-16059.641520000005,0.024155052650964542
20,2023-12-07,43273.14,47103.26845,67,72.0,7,-0.011249508685349425,1226.2300000000032,1282.0400000000009,-4327.836469999995,0.029190969292072228
21,2023-12-08,44170.99,42900.37556,63,72.0,7,0.020536119557329653,1618.9000000000015,97.66999999999825,-4202.892890000003,0.029038752427769012
22,2023-12-09,43713.6,24925.97008,57,73.0,7,-0.010408972260493799,773.5099999999948,-49.09000000000378,-17974.40548,0.02610405111906618
23,2023-12-10,43789.51,18956.61758,49,74.0,7,0.0017350244818206502,486.0,516.3700000000026,-5969.352500000001,0.013241229223726848
24,2023-12-11,41253.4,76663.89804,69,74.0,7,-0.059660757354924286,3582.5,-2917.5899999999965,57707.28046,0.029672003414769426
25,2023-12-12,41492.39,42722.69773,55,67.0,7,0.005776503301278852,1424.1200000000026,-2221.209999999999,-33941.20031,0.030711122165889948
26,2023-12-13,42869.03,45865.99773,56,65.0,7,0.032639616880829996,2920.199999999997,-920.4800000000032,3143.300000000003,0.03387643434990094
27,2023-12-14,43022.26,42047.05709,58,72.0,7,0.0035680023564587876,2020.0,1768.8600000000006,-3818.9406400000007,0.03399644287067697
28,2023-12-15,41940.3,33421.7932,50,70.0,7,-0.025470477640977214,1414.8099999999977,447.9100000000035,-8625.263890000002,0.03516837982504414
29,2023-12-16,42278.03,24118.85747,43,67.0,7,0.008020387258140575,1119.4300000000003,-591.0,-9302.935730000001,0.020640562720037194
30,2023-12-17,41374.65,27722.11452,42,73.0,7,-0.021599191335207872,1172.0699999999997,-1647.6100000000006,3603.25705,0.023748984879238363
31,2023-12-18,42657.8,46734.0925,48,65.0,7,0.030541766708551847,2214.8799999999974,717.5,19011.97798,0.023023071617458125
32,2023-12-19,42275.99,40927.86444,50,73.0,7,-0.008990828549252048,1685.9000000000015,-2.040000000000873,-5806.228060000001,0.023086754945134107
33,2023-12-20,43668.93,48710.2947,58,74.0,7,0.03241755264462973,2077.0,2294.279999999999,7782.430260000001,0.023817632913850185
34,2023-12-21,43861.8,34624.29384,56,70.0,7,0.004406916568444891,955.6299999999974,1204.0,-14086.00086,0.023874569095183235
35,2023-12-22,43969.04,32783.19638,56,74.0,7,0.0024419680670525194,985.7200000000012,1693.050000000003,-1841.0974599999972,0.018372300630043095
36,2023-12-23,43702.16,16557.1293,47,70.0,7,-0.006088221088727501,697.5800000000017,33.2300000000032,-16226.06708,0.016410189905864014
37,2023-12-24,42991.5,25144.33496,42,71.0,7,-0.016395107062850675,1446.0,-870.3000000000029,8587.20566,0.018205859375298113
38,2023-12-25,43576.13,27021.23992,43,73.0,7,0.013507101635684676,1081.8899999999994,-392.9100000000035,1876.9049599999998,0.011322397838033632
39,2023-12-26,42508.93,41010.04282,54,71.0,7,-0.02479535186467053,1955.0800000000017,-1193.2300000000032,13988.802900000002,0.01510605467915381
40,2023-12-27,43428.85,36191.21136,54,73.0,7,0.02140979529821103,1578.3099999999977,437.34999999999854,-4818.831460000001,0.01956357481924893
41,2023-12-28,42563.76,35150.52485,53,73.0,7,-0.02012077980823538,1545.7799999999988,-1012.3699999999953,-1040.6865099999995,0.02115386290529466
42,2023-12-29,42066.95,42597.18912,50,65.0,7,-0.011740790238734814,1811.0,-441.9800000000032,7446.664270000001,0.020638536780230674
43,2023-12-30,42140.28,22906.57818,41,68.0,7,0.0017416561151908701,1092.0199999999968,-1288.5699999999997,-19690.610940000002,0.018670771272817892
44,2023-12-31,42283.58,23585.91603,37,67.0,3,0.0033947781497301243,933.1600000000035,-280.1800000000003,679.3378499999999,0.015890080129206705
45,2024-01-01,44179.55,27174.29903,22,65.0,3,0.04386318131378095,2003.3300000000017,2112.600000000006,3588.382999999998,0.024609378162943528
46,2024-01-02,44946.91,65146.40661,38,71.0,7,0.01722000317113513,1731.2900000000009,2806.6300000000047,37972.107579999996,0.021091009181228058
47,2024-01-03,42845.23,81194.55173,38,70.0,7,-0.04788769521256018,4750.0,561.6500000000015,16048.145120000008,0.03339567538448944
48,2024-01-04,44151.1,48038.06334,32,68.0,3,0.03002352150755492,2115.810000000005,-28.450000000004366,-33156.488390000006,0.03532741794865462
49,2024-01-05,44145.11,48075.25327,31,72.0,3,-0.0001356796630157846,1907.4599999999991,-801.8000000000029,37.18993000000046,0.03551032985488373
50,2024-01-06,43968.32,17835.06144,25,70.0,3,-0.004012787545087865,817.3699999999953,1123.0899999999965,-30240.19183,0.029591800820697872
51,2024-01-07,43929.02,23023.8508,23,71.0,3,-0.000894225072540774,908.5,-222.08000000000175,5188.789359999999,0.027868525283741386
52,2024-01-08,46951.04,72814.57589,42,71.0,7,0.06653020711240704,4073.989999999998,2805.9300000000003,49790.72508999999,0.030289217797297853
53,2024-01-09,46110.0,69927.66617,48,76.0,7,-0.018075510415030107,3223.3300000000017,2141.6800000000003,-2886.909719999996,0.033139827326878625
54,2024-01-10,46653.99,89911.41203,77,73.0,7,0.01172860796383382,3395.5699999999997,2724.970000000001,19983.74586000001,0.03277331685189142
55,2024-01-11,46339.16,87470.3296,80,76.0,7,-0.006771062230729273,3363.4200000000055,-611.8799999999974,-2441.0824300000095,0.033111822936543224
56,2024-01-12,42782.73,86327.93707,48,71.0,7,-0.0798528754667809,5015.529999999999,-3327.269999999997,-1142.3925299999974,0.052851349010518536
57,2024-01-13,42847.99,36118.47464,34,64.0,3,0.0015242196406752171,820.8799999999974,-3806.0,-50209.46243,0.03611246215167234
58,2024-01-14,41732.35,28228.40894,25,60.0,3,-0.02638212870563945,1359.0,-4606.810000000005,-7890.065699999999,0.03629079593783107
59,2024-01-15,42511.1,40269.89303,28,52.0,3,0.01848861088034885,1682.3799999999974,-271.63000000000466,12041.484089999998,0.037858121034062255
60,2024-01-16,43137.95,45045.74589,27,64.0,3,0.014637901828299413,1528.010000000002,289.9599999999991,4775.852859999999,0.04063882684268358
61,2024-01-17,42776.1,33266.21388,27,60.0,3,-0.008423584725432613,997.3099999999977,1043.75,-11779.532009999995,0.01820294508158823
62,2024-01-18,41327.5,43907.51641,27,63.0,3,-0.03445139745815894,2246.720000000001,-1183.5999999999985,10641.302529999994,0.02371120599384435
63,2024-01-19,41659.03,48342.74559,26,51.0,3,0.007990013891329613,1916.8600000000006,-1478.9199999999983,4435.229180000002,0.021663185115780154
64,2024-01-20,41696.04,15923.99493,21,52.0,3,0.0008880084302503328,416.25999999999476,-1080.0599999999977,-32418.750659999998,0.01911673345361896
65,2024-01-21,41580.33,11730.16301,18,56.0,3,-0.002778941360300473,380.4099999999962,252.83000000000175,-4193.8319200000005,0.0162766211200589
66,2024-01-22,39568.02,55426.19911,26,55.0,3,-0.049606002668420156,2258.0699999999997,-2091.010000000002,43696.0361,0.025022518749036132
67,2024-01-23,39897.6,57956.63351,28,50.0,3,0.008294955472882228,1621.739999999998,-1798.4400000000023,2530.4343999999983,0.024258692616564034
68,2024-01-24,40084.88,39293.82861,25,48.0,3,0.004683034141144241,1070.8099999999977,-1495.4500000000044,-18662.804900000003,0.02378687574014948
69,2024-01-25,39961.09,31022.11853,21,52.0,3,-0.003092975166303934,750.239999999998,393.0699999999997,-8271.710079999997,0.023492194466401838
70,2024-01-26,41823.51,47384.96726,23,49.0,3,0.04555239092628425,2424.300000000003,1925.9100000000035,16362.848729999998,0.03401940019599485
71,2024-01-27,42120.63,16224.41667,17,55.0,3,0.00707902280697713,805.6600000000035,2035.75,-31160.55059,0.018998524383124712
72,2024-01-28,42031.06,27294.99838,16,54.0,3,-0.002128775638974226,1221.8700000000026,2069.970000000001,11070.58171,0.02011487046492703
73,2024-01-29,43302.7,31542.74207,21,55.0,3,0.029806119942710457,1528.1200000000026,1479.189999999995,4247.743689999999,0.021419502942853566
74,2024-01-30,42941.1,37619.24546,22,61.0,3,-0.008385579459892248,1198.3700000000026,820.4700000000012,6076.503389999998,0.0226594272561909
75,2024-01-31,42580.0,39871.13688,20,60.0,3,-0.008444749797383772,1468.270000000004,548.9400000000023,2251.89142,0.01597194580394072
76,2024-02-01,43082.94,35231.04664,18,63.0,3,0.011742435619609937,1400.8499999999985,-219.75999999999476,-4640.090239999998,0.01635845616019946
77,2024-02-02,43200.0,29672.14418,18,63.0,3,0.0027134001651212595,941.2099999999991,258.90000000000146,-5558.902460000001,0.01600613192369479
78,2024-02-03,43011.09,12033.40998,16,60.0,3,-0.004382505832045197,500.01000000000204,431.0899999999965,-17638.7342,0.008616177026425994
79,2024-02-04,42582.88,17066.89404,16,60.0,3,-0.010005694851545816,897.0400000000009,-500.06000000000495,5033.484059999999,0.008970036379254125
80,2024-02-05,42708.7,29467.75905,17,60.0,3,0.002950351987088814,1311.6600000000035,-491.3000000000029,12400.865010000001,0.008237878203787321
81,2024-02-06,43098.95,24675.85433,17,64.0,3,0.009095988310426472,825.9800000000032,87.86000000000058,-4791.904720000002,0.007384050364060504
82,2024-02-07,44349.6,34392.59915,18,62.0,3,0.028605054685199374,1608.5,1766.7200000000012,9716.744820000004,0.014925313611494694
83,2024-02-08,45288.65,45439.62231,23,66.0,3,0.02095275967005496,1283.2000000000044,2579.9500000000044,11047.023159999997,0.015135575560711679
84,2024-02-09,47132.77,73503.481,26,72.0,3,0.039912063594217916,2957.8799999999974,4033.8199999999997,28063.85869,0.014837226648201472
85,2024-02-10,47751.09,24802.35936,23,74.0,3,0.013033381077871586,1370.0,3401.489999999998,-48701.12164,0.012368990824601828
86,2024-02-11,48299.99,29958.80837,23,71.0,3,0.01142945972783506,1035.5,3011.3399999999965,5156.44901,0.011775066911541876
87,2024-02-12,49917.27,59009.96705,32,70.0,3,0.03293568144658824,2624.8099999999977,2784.5,29051.15868,0.012449978553477159
88,2024-02-13,49699.59,55551.56706,34,79.0,3,-0.004370351494182536,2067.6600000000035,1948.5,-3458.399989999998,0.017816818210477342
89,2024-02-14,51795.17,57046.37401,37,74.0,3,0.041300218103198914,2818.699999999997,3495.1800000000003,1494.8069499999983,0.01823800758623839
90,2024-02-15,51880.0,53816.03055,38,72.0,3,0.0016364577734705157,1502.6200000000026,1962.7300000000032,-3230.3434599999964,0.01979489863409788
91,2024-02-16,52124.11,37772.25318,31,72.0,3,0.004694246184426713,1006.0800000000017,2424.520000000004,-16043.777370000003,0.020451817015909743
92,2024-02-17,51642.64,25674.00622,25,76.0,3,-0.009279917800631372,1537.8199999999997,-152.52999999999884,-12098.24696,0.02002936500953565
93,2024-02-18,52137.67,21992.10363,24,72.0,3,0.009540032294676114,1213.7200000000012,257.66999999999825,-3681.902589999998,0.01903182053010803
94,2024-02-19,51774.73,29534.99432,27,75.0,3,-0.00698552773070659,811.7699999999968,-349.3799999999974,7542.89069,0.007915324858271029
95,2024-02-20,52258.82,49614.47318,28,72.0,3,0.009306488030900633,2224.6299999999974,616.1800000000003,20079.47886,0.008999823552259579
96,2024-02-21,51849.39,43079.40049,26,78.0,3,-0.007865510526459354,1741.800000000003,-288.27999999999884,-6535.072690000001,0.009602325387061073
97,2024-02-22,51288.42,35309.44574,25,74.0,3,-0.01087817419895304,1125.0,-486.31000000000495,-7769.954749999997,0.009964275850270193
98,2024-02-23,50744.15,30545.79544,23,76.0,3,-0.010668655359765033,1027.5400000000009,-1514.6699999999983,-4763.650300000001,0.008405963394296546
99,2024-02-24,51568.22,16560.4211,20,72.0,3,0.016109250933854777,1113.0,-281.16999999999825,-13985.374340000002,0.012618887212687727
100,2024-02-25,51728.85,18721.63159,22,74.0,3,0.0031100616788884284,678.75,440.4300000000003,2161.2104900000013,0.011644977720198959
101,2024-02-26,54476.47,51256.72199,31,72.0,3,0.051753212367562834,4008.5599999999977,3732.3199999999997,32535.090399999997,0.025938149737236387
102,2024-02-27,57037.34,67194.98562,51,79.0,7,0.045937275755513214,3138.020000000004,5469.119999999995,15938.263630000009,0.026991631835250444
103,2024-02-28,62432.1,118763.46984,84,82.0,7,0.09037342510456357,7308.1500000000015,10703.25,51568.48422,0.03402902278081055
104,2024-02-29,61130.98,78425.07603,72,80.0,7,-0.021060790861507746,3311.6500000000015,6654.510000000002,-40338.39381000001,0.04365064311525661
105,2024-03-01,62387.9,47737.93473,50,80.0,7,0.02035257099534111,2337.230000000003,5350.560000000005,-30687.141299999996,0.04121085157507438
106,2024-03-02,61987.28,25534.73659,42,80.0,7,-0.006442143609634661,872.0699999999997,-444.8199999999997,-22203.19814,0.04427300529228849
107,2024-03-03,63113.97,28994.90903,39,83.0,3,0.018012936948412033,1911.8799999999974,1982.989999999998,3460.1724399999985,0.04284087316212716
108,2024-03-04,68245.71,84835.16005,80,82.0,7,0.07817243529189463,6199.0,5857.810000000005,55840.25102000001,0.03791185253965301
109,2024-03-05,63724.01,132696.7813,100,90.0,7,-0.06855316030923639,9995.0,1736.7300000000032,47861.62125,0.05302240448499959
110,2024-03-06,66074.04,78738.85491,64,75.0,7,0.03621451680304252,4861.960000000006,2960.0699999999924,-53957.92639000001,0.05438029626679855
111,2024-03-07,66823.17,53059.8869,53,82.0,7,0.011273945248864211,2429.0,-1422.5400000000081,-25678.968009999997,0.05349042265251257
112,2024-03-08,68124.19,74261.932842,56,81.0,7,0.019282486315176334,3907.3399999999965,4400.18,21202.045941999997,0.053511165961909024
113,2024-03-09,68313.27,19872.89743,44,84.0,7,0.0027716745979517753,680.0,2239.2300000000105,-54389.035412,0.0403652991703226
114,2024-03-10,68955.88,38404.66835,45,79.0,7,0.009362842188647231,1792.8600000000006,2132.7100000000064,18531.77092,0.012850465506645037
115,2024-03-11,72078.1,75292.825726,73,82.0,7,0.044283373561153284,5775.039999999994,3953.9100000000035,36888.157375999996,0.016142891264030512
116,2024-03-12,71452.01,68783.546691,64,81.0,7,-0.008724217811494954,4379.179999999993,3138.7399999999907,-6509.279035,0.020044495827421085
117,2024-03-13,73072.41,52659.711647,61,81.0,7,0.022424831790492365,2316.9400000000023,4116.529999999999,-16123.835044,0.020322563170853545
118,2024-03-14,71388.94,71757.628746,53,88.0,7,-0.02330791194500903,5222.0,-689.1600000000035,19097.917099000006,0.02637725605698645
119,2024-03-15,69499.85,103334.03546,55,83.0,7,-0.02681836109117046,6819.710000000006,-1952.159999999989,31576.406713999997,0.030782043250158382
120,2024-03-16,65300.63,55926.95336,40,81.0,3,-0.062322910279710986,5263.0,-7771.780000000006,-47407.0821,0.03072196878710446
121,2024-03-17,68393.48,49742.21589,39,79.0,3,0.046275814432356635,4371.399999999994,-2995.4600000000064,-6184.73747,0.04303535052500205
122,2024-03-18,67609.99,55691.08088,43,77.0,7,-0.01152174525222046,2390.800000000003,-1889.8600000000006,5948.864990000002,0.03941295427745499
123,2024-03-19,61937.4,101005.32487,49,79.0,7,-0.08763155563733493,6569.110000000001,-3363.229999999996,45314.243989999995,0.0512908258872809
124,2024-03-20,67840.51,90420.58592,50,74.0,7,0.09103531158594273,7325.0,-552.9700000000012,-10584.738949999999,0.07417592937008984
125,2024-03-21,65501.27,53357.48002,39,78.0,3,-0.03508997737785613,3711.459999999999,-2108.7200000000084,-37063.105899999995,0.0697680859856746
126,2024-03-22,63796.64,51482.37821,36,75.0,3,-0.026369007379098856,4389.619999999995,1859.239999999998,-1875.1018100000001,0.06530296339232727
127,2024-03-23,63990.01,26410.11409,29,73.0,3,0.003026453038660462,2999.0,-3850.4999999999927,-25072.264120000003,0.06575879170681208
128,2024-03-24,67209.99,31395.78015,30,74.0,3,0.04909491976870599,3856.4000000000015,1708.7200000000084,4985.66606,0.05314749937203924
129,2024-03-25,69880.01,53431.14486,41,75.0,3,0.038957731173826136,4764.940000000002,6083.369999999995,22035.36471,0.03771052954172365
130,2024-03-26,69988.0,38934.38417,39,81.0,3,0.0015441704140665396,2281.100000000006,5997.989999999998,-14496.760690000003,0.030647017865364782
131,2024-03-27,69469.99,49119.35685,37,83.0,3,-0.007428938024621631,3410.3600000000006,2260.0,10184.972679999999,0.025214747548893482
132,2024-03-28,70780.6,35439.03239,38,80.0,3,0.01869009109453202,2648.4400000000023,900.5900000000111,-13680.324459999996,0.02398146602997512
133,2024-03-29,69850.54,25445.08353,34,79.0,3,-0.01322713532737063,1907.1600000000035,-137.4600000000064,-9993.94886,0.021228233552368702
134,2024-03-30,69582.18,13644.61142,29,75.0,3,-0.0038493164497219014,781.1000000000058,112.18999999998778,-11800.47211,0.012175989962655101
135,2024-03-31,71280.01,19396.34433,30,75.0,3,0.024107423379159526,1803.0099999999948,499.40999999998894,5751.732910000001,0.016647300594790877
136,2024-04-01,69649.8,41445.32039,37,79.0,3,-0.02313609473301786,3225.3699999999953,-200.7399999999907,22048.97606,0.020335954494584772
137,2024-04-02,65463.99,71799.82793,39,79.0,3,-0.06197960825197718,5124.229999999996,-4118.189999999995,30354.50754,0.03133786795402521
138,2024-04-03,65963.28,39887.21778,34,71.0,3,0.007598003093028574,2410.560000000005,-5316.729999999996,-31912.61015,0.03307088323370986
139,2024-04-04,68487.79,41510.48453,32,70.0,3,0.03755725764251874,4245.390000000007,-1162.0100000000093,1623.2667500000025,0.03992471725545992
140,2024-04-05,67820.62,37915.23073,30,79.0,3,-0.009789202703133824,2804.1100000000006,2356.6299999999974,-3595.2537999999986,0.03689800477726888
141,2024-04-06,68896.0,20134.28919,23,75.0,3,0.015731842680183246,2244.1699999999983,2932.720000000001,-17780.941540000003,0.03751461762959657
142,2024-04-07,69360.39,21534.74433,28,78.0,3,0.006717834111896003,1502.2899999999936,872.6000000000058,1400.4551400000018,0.017235095537892004
143,2024-04-08,71620.0,45723.87624,35,76.0,3,0.03205840927643814,3754.75,3799.3800000000047,24189.131909999996,0.01918896290816528
144,2024-04-09,69146.0,39293.90242,34,80.0,3,-0.03515415339654028,3548.1900000000023,250.0,-6429.973819999999,0.02565983219605979
145,2024-04-10,70631.08,42006.02377,33,78.0,3,0.02125006308303191,3654.0800000000017,1270.6900000000023,2712.1213500000013,0.02587472010674899
146,2024-04-11,70006.23,31917.25595,32,76.0,3,-0.00888603616768445,1738.679999999993,-1613.770000000004,-10088.767820000001,0.026401235930210546
147,2024-04-12,67116.52,56072.86229,33,79.0,3,-0.04215402471169341,6140.600000000006,-2029.479999999996,24155.60634,0.032995266028948665
148,2024-04-13,63924.51,71395.22019,39,72.0,3,-0.04872735746222276,7268.43,-6706.57,15322.357899999995,0.028867871888543048
149,2024-04-14,65661.84,61599.17818,44,72.0,7,0.026815078915186055,3706.0,-4344.389999999999,-9796.04200999999,0.03487931824828903
150,2024-04-15,63419.99,52389.53069,42,74.0,7,-0.03473882339914055,4592.6700000000055,-3696.530000000006,-9209.647490000003,0.0309702914163679
151,2024-04-16,63793.39,53435.29331,37,65.0,3,0.005870468536476564,2765.0,-131.12000000000262,1045.7626200000013,0.03310681099803836
152,2024-04-17,61277.37,50610.54509,39,67.0,3,-0.040238973210926274,4820.8399999999965,-4384.469999999994,-2824.7482200000013,0.03277542250554622
153,2024-04-18,63470.08,43601.60918,41,57.0,3,0.035158006998813135,3313.739999999998,50.09000000000378,-7008.93591,0.03466041563578697
154,2024-04-19,63818.01,69774.30271,58,66.0,7,0.005466825160537417,5849.989999999998,24.62000000000262,26172.693530000004,0.03148072559451121
155,2024-04-20,64940.59,23137.42975,54,66.0,7,0.01743741302682119,2328.9300000000003,3663.219999999994,-46636.87296000001,0.02788993413649675
156,2024-04-21,64941.15,19316.42152,34,72.0,3,8.623229100669178e-06,1458.0599999999977,1471.0699999999997,-3821.0082299999995,0.027953598823078366
157,2024-04-22,66819.32,31397.99371,37,73.0,3,0.028510785110948657,2732.350000000006,3001.310000000005,12081.572189999999,0.014862901828616142
158,2024-04-23,66414.0,22599.90004,31,71.0,3,-0.006084382651452649,1417.199999999997,1473.4100000000035,-8798.093669999998,0.013898780835861503
159,2024-04-24,64289.59,33595.69637,29,72.0,3,-0.03251015685090299,3464.3699999999953,-651.560000000005,10995.796329999997,0.02345217307063388
160,2024-04-25,64498.34,31341.46338,28,72.0,3,0.0032417662557915235,2503.9400000000023,-2320.9800000000105,-2254.232989999997,0.02184012949818802
161,2024-04-26,63770.01,27085.19346,24,70.0,3,-0.011356469895713836,1522.5299999999988,-2643.989999999998,-4256.2699200000025,0.02224880086863206
162,2024-04-27,63461.98,20933.06052,21,67.0,3,-0.004842030716018614,1532.1700000000055,-827.6099999999933,-6152.1329399999995,0.013466133092329606
163,2024-04-28,63118.62,16949.20005,21,65.0,3,-0.005425173243951366,1589.0,-1379.719999999994,-3983.8604699999996,0.013520965912137748
164,2024-04-29,63866.0,28150.22947,25,67.0,3,0.01177132522006203,2462.8199999999997,95.98999999999796,11201.029419999999,0.00897469164773358
165,2024-04-30,60672.0,54947.65535,32,67.0,3,-0.051304831768252054,5542.4000000000015,-2789.980000000003,26797.425880000003,0.023476354550317005
166,2024-05-01,58364.97,81166.46823,36,54.0,3,-0.03876642553474422,4288.809999999998,-4753.6500000000015,26218.812879999998,0.02625659849332785
167,2024-05-02,59060.61,47583.81961,30,43.0,3,0.011848323644138173,2713.1600000000035,-4805.389999999999,-33582.64862,0.029198229988456816
168,2024-05-03,62882.01,43628.40143,28,48.0,3,0.06269590851696512,4521.68,2210.010000000002,-3955.4181800000006,0.04566706764866054
169,2024-05-04,63892.04,24368.69282,23,67.0,3,0.01593467072506892,1998.9700000000012,5527.07,-19259.708609999998,0.045989296922179415
170,2024-05-05,64012.0,18526.75029,22,69.0,3,0.0018757817997593531,1823.8300000000017,4951.389999999999,-5841.94253,0.03625288764840162
171,2024-05-06,63165.19,34674.91949,26,71.0,3,-0.013317207511333138,2800.0,283.1800000000003,16148.1692,0.028533118751266455
172,2024-05-07,62312.08,25598.79472,25,68.0,3,-0.013598050793730939,2161.4100000000035,-1579.9599999999991,-9076.124769999999,0.03152801522465945
173,2024-05-08,61193.03,26121.19004,22,64.0,3,-0.018122013335120257,2132.220000000001,-2818.970000000001,522.3953199999996,0.014140674676758865
174,2024-05-09,63074.01,30660.8061,23,55.0,3,0.030275504659909153,2799.029999999999,-91.18000000000029,4539.61606,0.019859364199069286
175,2024-05-10,60799.99,36529.34025,23,66.0,3,-0.03671917430504504,3282.0099999999948,-1512.0900000000038,5868.5341499999995,0.024624727661128793
176,2024-05-11,60825.99,13374.56936,19,53.0,3,0.0004275402409262431,1027.9100000000035,-367.0400000000009,-23154.77089,0.02496796460941672
177,2024-05-12,61483.99,12753.13236,18,56.0,3,0.01075965097938284,1278.0,-1590.020000000004,-621.4369999999999,0.025852791836068315
178,2024-05-13,62940.08,32733.41839,24,57.0,3,0.023406346968515828,2700.790000000001,2140.090000000004,19980.28603,0.026316491419437916
179,2024-05-14,61577.49,29088.72041,23,66.0,3,-0.021886781008613777,1975.5900000000038,751.5,-3644.697979999997,0.024371190305328864
180,2024-05-15,66206.5,43559.74719,27,64.0,3,0.07248226375544757,5124.690000000002,4722.510000000002,14471.02678,0.035160652165113486
181,2024-05-16,65235.21,31106.3671,27,70.0,3,-0.014779291590717515,2149.239999999998,2295.1299999999974,-12453.380090000002,0.03753419444722186
182,2024-05-17,67024.0,26292.23409,24,74.0,3,0.027051410361314365,2344.8199999999997,5446.510000000002,-4814.133009999998,0.03788843572065362
183,2024-05-18,66915.2,14441.25774,19,73.0,3,-0.0016246180943355483,800.0099999999948,708.6999999999971,-11850.976350000003,0.0385208215927865
184,2024-05-19,66274.01,18025.30409,19,72.0,3,-0.00962833180615985,1842.75,1038.7999999999956,3584.0463500000023,0.036120412716683876
185,2024-05-20,71446.62,50816.7011,28,70.0,3,0.07515278314448008,5455.25,4422.619999999995,32791.39701,0.03719226391133167
186,2024-05-21,70148.34,49607.4336,35,76.0,3,-0.018338454758227797,2816.0599999999977,3233.1399999999994,-1209.2675000000017,0.037936918945498076
187,2024-05-22,69166.62,27673.18026,29,76.0,3,-0.014093766386815483,1823.8099999999977,2892.6100000000006,-21934.253339999996,0.03898774173803558
188,2024-05-23,67969.65,40513.17374,27,76.0,3,-0.017457094288918538,3783.959999999992,-3476.970000000001,12839.993479999997,0.04040865441857453
189,2024-05-24,68549.99,28095.83664,25,74.0,3,0.008501978114690344,2649.8800000000047,-1598.3499999999913,-12417.337099999997,0.03978657655154195
190,2024-05-25,69290.57,12130.39418,18,76.0,3,0.01074556177134258,1110.0,123.95000000001164,-15965.442460000002,0.014488360524886914
191,2024-05-26,68507.67,11872.11797,18,75.0,3,-0.011363112097898122,1434.2200000000012,538.0200000000041,-258.27621,0.01330634650314954
192,2024-05-27,69436.43,23136.92737,22,74.0,3,0.013465947937329524,2437.5599999999977,886.4399999999878,11264.809400000002,0.014141440989058342
193,2024-05-28,68398.39,32622.97042,23,72.0,3,-0.0150623714003808,2313.899999999994,-892.1800000000076,9486.04305,0.013390015240555846
194,2024-05-29,67652.42,23159.83149,22,72.0,3,-0.010966160005080427,1811.0299999999988,-855.25,-9463.138930000001,0.013585908878990255
195,2024-05-30,68352.17,28478.2184,23,73.0,3,0.010290184685345129,2372.0,-1084.2599999999948,5318.386910000001,0.013474849139446743
196,2024-05-31,67540.01,26690.32184,20,73.0,3,-0.011953148002230988,2374.100000000006,-858.3800000000047,-1787.896560000001,0.013571623549396585
197,2024-06-01,67766.85,8837.66133,17,72.0,3,0.003352974306247208,471.5599999999977,114.43000000000757,-17852.66051,0.011052907614867578
198,2024-06-02,67765.63,15426.32529,15,73.0,3,-1.800306465331948e-05,1202.5299999999988,-586.5399999999936,6588.66396,0.009526132760843757
199,2024-06-03,68809.9,29633.374,24,73.0,3,0.015292495676779325,2675.520000000004,1269.8899999999994,14207.04871,0.01044401690401992
200,2024-06-04,70537.84,29619.78489,25,73.0,3,0.02480167347858517,2496.12999999999,2770.9899999999907,-13.589110000000801,0.014185876073475757
201,2024-06-05,71108.0,28703.18082,30,75.0,3,0.008050544645661345,1374.3399999999965,3342.3699999999953,-916.6040699999976,0.009937377255162938
202,2024-06-06,70799.06,21842.00449,27,78.0,3,-0.004354124285061161,1582.3600000000006,1989.1600000000035,-6861.176330000002,0.011721194029695563
203,2024-06-07,69355.6,35598.45045,25,77.0,3,-0.020598830454873523,3577.020000000004,-1182.2399999999907,13756.445959999997,0.01767408680231694
204,2024-06-08,69310.46,9773.82967,19,72.0,3,-0.00065106056369522,414.179999999993,-1797.5399999999936,-25824.620779999997,0.016681734635975373
205,2024-06-09,69648.14,9890.56709,18,75.0,3,0.004860162159083764,726.8999999999942,-1150.9199999999983,116.7374200000013,0.011179250013203282
206,2024-06-10,69540.0,17122.66941,23,72.0,3,-0.0015538683361776106,1023.6500000000087,184.39999999999418,7232.102319999998,0.009621487678997426
207,2024-06-11,67314.24,41436.01588,26,74.0,3,-0.032530322415029955,3539.0099999999948,-1996.2200000000012,24313.34647,0.015807197278751635
208,2024-06-12,68263.99,37175.32356,25,72.0,3,0.014010590579490376,3094.0,-1384.1499999999942,-4260.692320000002,0.01754025102922302
209,2024-06-13,66773.01,29079.55571,22,70.0,3,-0.02208343776467173,2197.520000000004,-2766.9900000000052,-8095.7678499999965,0.019300395350790662
210,2024-06-14,66043.99,28408.18797,22,74.0,3,-0.010977921824138023,2292.2400000000052,-1270.25,-671.3677400000015,0.018030954168807633
211,2024-06-15,66228.25,11451.80242,16,74.0,3,0.0027860739213107213,621.3799999999901,-2035.7400000000052,-16956.38555,0.018670049391777143
212,2024-06-16,66676.87,9392.52223,16,71.0,3,0.006751007092293841,964.1999999999971,-96.13999999999942,-2059.2801899999995,0.014489012149456588
213,2024-06-17,66504.33,27386.16851,21,71.0,3,-0.002591057844952401,2168.8099999999977,460.3399999999965,17993.64628,0.011530857700389708
214,2024-06-18,65175.32,42350.10244,23,74.0,3,-0.020186188658431685,2528.229999999996,-1052.9300000000003,14963.933930000003,0.01084833760205807
215,2024-06-19,64974.37,20060.79576,21,64.0,3,-0.0030879852219766885,1061.5399999999936,-1702.4999999999927,-22289.30668,0.010292570737708227
216,2024-06-20,64869.99,24265.29031,22,60.0,3,-0.001607771373120505,1923.7900000000009,-1634.3400000000038,4204.494549999999,0.009823597201295513
217,2024-06-21,64143.56,25993.56442,21,63.0,3,-0.011261416759841722,1687.310000000005,-1031.760000000002,1728.2741099999985,0.007954005687635728
218,2024-06-22,64262.01,7308.95542,15,53.0,3,0.001844936066219504,602.989999999998,-712.3600000000006,-18684.608999999997,0.00886777432772793
219,2024-06-23,63210.01,8224.45447,15,55.0,3,-0.016505957689856198,1342.6800000000003,-1659.979999999996,915.4990500000004,0.007538165303255101
220,2024-06-24,60293.3,52161.35414,29,51.0,3,-0.04724168823827901,4967.800000000003,-3850.2599999999948,43936.89967,0.019486306898860585
221,2024-06-25,61806.01,31189.24361,24,30.0,3,0.024779622477455705,2162.9400000000023,-2456.0,-20972.11053,0.026364107633564168
222,2024-06-26,60864.99,22485.66463,21,46.0,3,-0.015342476362678105,1775.8099999999977,-2345.020000000004,-8703.578980000002,0.0264883074730819
223,2024-06-27,61706.47,18344.28631,20,40.0,3,0.013730655086801458,1782.5900000000038,1413.1699999999983,-4141.37832,0.0283409207129598
224,2024-06-28,60427.84,24821.19255,20,47.0,3,-0.020938861751513153,2162.3099999999977,-1378.1700000000055,6476.90624,0.02873558633704417
225,2024-06-29,60986.68,11509.55904,14,30.0,3,0.009205553774616642,840.2300000000032,121.69000000000233,-13311.63351,0.0195894154128102
226,2024-06-30,62772.01,17326.30136,15,47.0,3,0.028853793809744524,2346.550000000003,1065.5400000000009,5816.742320000001,0.020805878398577272
227,2024-07-01,62899.99,24547.10538,16,53.0,3,0.0020367312407112426,1364.560000000005,2472.1500000000015,7220.80402,0.01824881027063118
228,2024-07-02,62135.47,18573.11875,15,51.0,3,-0.012229003319739846,1482.550000000003,1148.7900000000009,-5973.986629999999,0.01936373114961964
229,2024-07-03,60208.58,32160.11127,18,50.0,3,-0.0315021343281225,2885.9400000000023,-2563.4300000000003,13586.99252,0.022697588916841958
230,2024-07-04,57050.01,54568.77276,21,44.0,3,-0.05388661548310068,3727.1900000000023,-5849.979999999996,22408.66149,0.031590684606167506
231,2024-07-05,56628.79,81348.24756,29,29.0,5,-0.007410738462197537,4060.0699999999997,-5506.68,26779.474800000004,0.022267168074586702
232,2024-07-06,58230.13,21651.31558,19,26.0,3,0.027885405242016163,2457.0,-1978.4500000000044,-59696.93198000001,0.030364469505309133
233,2024-07-07,55857.81,19118.93918,17,29.0,3,-0.04159356377998373,2725.0899999999965,-1192.2000000000044,-2532.3763999999974,0.03236477810667369
234,2024-07-08,56714.62,48090.2049,22,28.0,3,0.015222671228313616,3976.5699999999997,85.83000000000175,28971.265719999996,0.03529602967697668
235,2024-07-09,58050.0,27732.20788,19,27.0,3,0.023272682322844962,2006.550000000003,-180.12999999999738,-20357.997019999995,0.028615986053943002
236,2024-07-10,57725.85,24951.73799,18,28.0,3,-0.0055996280225802065,2312.209999999999,1868.0400000000009,-2780.4698900000003,0.028454749708281966
237,2024-07-11,57339.89,29761.05735,19,29.0,3,-0.006708538049520128,2600.0,625.2699999999968,4809.319359999998,0.02516078814521207
238,2024-07-12,57889.1,23652.4569,16,25.0,3,0.009532569171711086,1984.2099999999991,-160.90000000000146,-6108.600449999998,0.013090048229036142
239,2024-07-13,59204.02,15357.74519,13,25.0,3,0.022460333746386348,2093.3700000000026,1478.1699999999983,-8294.711710000001,0.01452796057552659
240,2024-07-14,60797.91,21178.33907,17,33.0,3,0.02656596839138983,2226.6800000000003,3458.020000000004,5820.593880000002,0.015407968014528008
241,2024-07-15,64724.14,38690.9782,24,52.0,3,0.06257882518464983,4267.699999999997,6835.040000000001,17512.639129999996,0.025706976326325567
242,2024-07-16,65043.99,42530.52915,22,65.0,3,0.004929571655444641,3015.730000000003,5839.970000000001,3839.5509500000044,0.022709612293268563
243,2024-07-17,64087.99,29567.52954,22,69.0,3,-0.014806827344029673,2274.6300000000047,3290.0799999999945,-12962.999610000003,0.028723498521829687
244,2024-07-18,63987.92,22568.7225,19,61.0,3,-0.0015626673332034774,1894.8199999999997,-736.2200000000012,-6998.80704,0.03024993966270457
245,2024-07-19,66660.0,35634.72739,21,60.0,3,0.040910757335444886,4085.3300000000017,1616.010000000002,13066.00489,0.03217590793744663
246,2024-07-20,67139.96,14386.92434,17,74.0,3,0.00717432290208512,1375.5399999999936,3051.9700000000084,-21247.803050000002,0.020631118530548238
247,2024-07-21,68165.34,21819.11191,19,74.0,3,0.015156828740989328,2589.6600000000035,4177.419999999998,7432.18757,0.020839684816778295
248,2024-07-22,67532.01,21451.04303,22,70.0,3,-0.009334516829783621,1914.5800000000017,872.0099999999948,-368.0688799999989,0.019342127098536582
249,2024-07-23,65936.01,31406.15316,20,71.0,3,-0.023916981434216472,2309.899999999994,-1203.9500000000116,9955.110130000001,0.024668607027717514
250,2024-07-24,65376.0,23082.56277,19,69.0,3,-0.008529507623456263,1991.0099999999948,-2789.3399999999965,-8323.590390000001,0.01530889207479043
251,2024-07-25,65799.95,35126.42934,21,68.0,3,0.006463859817351855,2718.790000000008,-1732.0599999999977,12043.866570000002,0.015183304712156159
252,2024-07-26,67907.99,24244.36023,22,68.0,3,0.03153462223775808,2477.3699999999953,1971.9800000000105,-10882.069110000004,0.021007499207288043
253,2024-07-27,67896.5,31710.21921,30,72.0,3,-0.00016921384598440523,2749.9900000000052,2520.5,7465.858980000001,0.02046473891652897
254,2024-07-28,68249.88,10868.69394,25,71.0,3,0.005191188977428364,1251.7699999999895,2449.9300000000076,-20841.52527,0.01498347706381378
255,2024-07-29,66784.69,36467.29633,26,74.0,3,-0.02170181316434392,3651.9900000000052,-1123.300000000003,25598.60239,0.018995148971332875
256,2024-07-30,66188.0,23132.25441,21,67.0,3,-0.008974685027823451,1697.3300000000017,-1708.5,-13335.041919999996,0.019786409658560877
257,2024-07-31,64628.0,22625.43905,19,61.0,3,-0.02385142421501373,2319.2400000000052,-3621.8800000000047,-506.8153600000005,0.012818086989140961
258,2024-08-01,65354.02,35542.26854,20,52.0,3,0.011171199683345215,3357.779999999999,-1430.6700000000055,12916.829489999996,0.015659076083762234
259,2024-08-02,61498.33,38820.42937,20,57.0,3,-0.06080893312569105,4366.129999999997,-4689.669999999998,3278.1608300000007,0.026328831067818154
260,2024-08-03,60697.99,28034.71567,18,37.0,3,-0.013099436128860992,2348.220000000001,-3930.010000000002,-10785.713699999997,0.02653810766633106
261,2024-08-04,58161.0,31616.52003,20,34.0,3,-0.04269555681819708,3994.8600000000006,-7193.019999999997,3581.8043599999983,0.02758187795792451
262,2024-08-05,54018.81,162065.59186,65,26.0,5,-0.07388270778154322,9305.589999999997,-7479.520000000004,130449.07182999999,0.03480257667152615
263,2024-08-06,56022.01,55884.77676,33,17.0,5,0.03641232998749407,3090.989999999998,-4675.979999999996,-106180.81509999998,0.04395726961674875
264,2024-08-07,55134.16,44269.37684,25,29.0,3,-0.015975161468007117,3177.4300000000003,-3026.8399999999965,-11615.399920000003,0.04076617805124701
265,2024-08-08,61685.99,48349.52949,24,20.0,5,0.11228735091416127,8015.139999999999,7667.18,4080.1526500000036,0.07317605056725116
266,2024-08-09,60837.99,30972.48017,22,48.0,3,-0.013842409307287744,2209.3700000000026,4815.979999999996,-17377.049320000002,0.06970435835844903
267,2024-08-10,60923.51,9995.20621,16,40.0,3,0.001404713543484379,1228.5800000000017,5789.3499999999985,-20977.27396,0.053594109424965626
268,2024-08-11,58712.59,19189.84512,17,39.0,3,-0.036964958668207114,3571.269999999997,-2973.4000000000015,9194.638910000001,0.05912602588774314
269,2024-08-12,59346.64,37009.91743,20,25.0,3,0.010741321896940523,3068.8799999999974,-1491.3499999999985,17820.07231,0.05744488824049983
270,2024-08-13,60587.15,27858.95851,19,31.0,3,0.020687318243458014,3185.220000000001,-336.3600000000006,-9150.958920000001,0.022576103401388936
271,2024-08-14,58683.39,28422.76326,20,30.0,3,-0.031926101818424826,3366.8199999999997,-29.19999999999709,563.8047499999993,0.02584069878615502
272,2024-08-15,57541.06,37686.17622,20,29.0,3,-0.019657942646201854,3770.8399999999965,-1805.5800000000017,9263.412960000001,0.025801709314822414
273,2024-08-16,58874.6,27610.84344,18,27.0,3,0.022910978337253942,2719.1399999999994,-1712.550000000003,-10075.33278,0.024861848831812052
274,2024-08-17,59491.99,7721.72931,13,25.0,3,0.010431923382209742,914.9499999999971,808.5999999999985,-19889.11413,0.02483051057377123
275,2024-08-18,58427.35,13634.85717,14,31.0,3,-0.018057579517003593,1876.0699999999997,886.2900000000009,5913.12786,0.022923816058108455
276,2024-08-19,59438.5,22809.31251,17,28.0,3,0.017158062435947308,1830.3299999999945,563.9000000000015,9174.45534,0.020049653625969294
277,2024-08-20,59013.8,31477.44548,19,30.0,3,-0.007170849698593443,2851.769999999997,-478.18999999999505,8668.132969999999,0.01716023105420072
278,2024-08-21,61156.03,27983.6422,17,26.0,3,0.03565715238614722,3037.459999999999,2728.6800000000003,-3493.80328,0.020994460370989808
279,2024-08-22,60375.84,21241.20588,17,39.0,3,-0.012839442327577983,1675.1299999999974,937.3399999999965,-6742.436319999997,0.022719393361088535
280,2024-08-23,64037.24,38118.07089,19,34.0,3,0.05887576421662603,4612.860000000001,5023.439999999995,16876.86501,0.029863815585926858
281,2024-08-24,64157.01,15857.15616,17,56.0,3,0.0018685710918962383,963.5,3000.980000000003,-22260.914730000004,0.03078323040170022
282,2024-08-25,64220.0,12305.47977,16,54.0,3,0.0009813284334161388,1226.7300000000032,3844.1600000000035,-3551.6763900000005,0.029485494570929006
283,2024-08-26,62834.0,19470.05276,17,55.0,3,-0.021818360418123024,1681.0,-1203.239999999998,7164.572989999999,0.031484791909537346
284,2024-08-27,59415.0,35135.94178,18,48.0,3,-0.05594960850125526,5177.989999999998,-4742.010000000002,15665.889020000002,0.04190983955829796
285,2024-08-28,59034.9,36868.54275,18,30.0,3,-0.006417925294743356,2374.980000000003,-5185.0999999999985,1732.6009699999995,0.024129520638027036
286,2024-08-29,59359.01,27020.90743,16,29.0,3,0.005475126375226921,2453.9000000000015,-3474.989999999998,-9847.635320000001,0.024850332855561184
287,2024-08-30,59123.99,28519.32195,15,34.0,3,-0.003967156608714223,2242.970000000001,-291.01000000000204,1498.414520000002,0.0241152276065231
288,2024-08-31,58973.99,8798.409,12,29.0,3,-0.00254026496747557,718.3799999999974,-60.91000000000349,-19720.91295,0.024595777481366782
289,2024-09-01,57301.86,20705.15741,12,26.0,3,-0.028763415319443375,1875.5899999999965,-2057.1500000000015,11906.74841,0.012829717734862953
290,2024-09-02,59132.13,22895.01461,15,26.0,3,0.03144134758080365,2297.6900000000023,8.139999999999418,2189.8571999999986,0.021607400704137095
291,2024-09-03,57487.73,22828.18447,17,26.0,3,-0.028202897779850595,2394.6500000000015,-1486.2599999999948,-66.83013999999821,0.02463875176821462
292,2024-09-04,57970.9,35560.82146,17,27.0,3,0.008369626775024829,2913.0,669.0400000000009,12732.636989999999,0.02554513691031496
293,2024-09-05,56180.0,27806.91413,16,29.0,3,-0.03138033882672037,2683.4199999999983,-2952.1299999999974,-7753.907329999998,0.028261854855573487
294,2024-09-06,53962.97,54447.76826,18,22.0,5,-0.040262751080288636,4458.0,-3524.760000000002,26640.854129999996,0.030573626941910636
295,2024-09-07,54160.86,16694.04774,13,23.0,3,0.0036604367595428834,1104.4599999999991,-3810.040000000001,-37753.720519999995,0.022035995412582342
296,2024-09-08,54869.95,16274.14779,13,29.0,3,0.01300733247035669,1688.989999999998,-1310.050000000003,-419.8999500000009,0.024617254092568645
297,2024-09-09,57042.0,32384.51737,17,26.0,3,0.03882199877924005,3496.040000000001,3079.029999999999,16110.36958,0.03257056152511874
298,2024-09-10,57635.99,23626.78126,15,33.0,3,0.010359360363052208,1657.9599999999991,3475.1299999999974,-8757.736110000002,0.02866709793291125
299,2024-09-11,57338.0,33026.56757,16,37.0,3,-0.005183618786241656,2436.519999999997,2468.050000000003,9399.78631,0.01649138051125811
300,2024-09-12,58132.32,31074.40631,15,31.0,3,0.013758211280425158,1264.0,1090.3199999999997,-1952.1612600000008,0.015798136283928923
301,2024-09-13,60498.0,29825.23333,16,32.0,3,0.039888515176949337,2992.3799999999974,2862.010000000002,-1249.1729799999994,0.01946039234490746
302,2024-09-14,59993.03,12137.90901,13,50.0,3,-0.008381917831569096,1210.449999999997,2655.029999999999,-17687.32432,0.01920921001172277
303,2024-09-15,59132.0,13757.92361,12,51.0,3,-0.014456155768720775,1704.75,999.6800000000003,1620.0146000000004,0.022108598080260385
304,2024-09-16,58213.99,26477.5642,14,39.0,3,-0.01564652918074257,1717.3999999999942,-2284.010000000002,12719.64059,0.02376160181538567
305,2024-09-17,60313.99,33116.25878,17,33.0,3,0.035438379599161005,3709.989999999998,320.9599999999991,6638.694579999996,0.02783681176650082
306,2024-09-18,61759.99,36087.02469,18,45.0,3,0.023691660342147144,2611.439999999995,2627.989999999998,2970.765910000002,0.023748566087359257
307,2024-09-19,62947.99,34332.52608,21,49.0,3,0.01905308607791393,2295.0,4734.0,-1754.498609999995,0.023300440767264327
308,2024-09-20,63201.05,25466.37794,19,54.0,3,0.004012085061529829,1783.3199999999997,2887.060000000005,-8866.148140000005,0.019719019352476615
309,2024-09-21,63348.96,8375.34608,13,54.0,3,0.0023375749611005414,801.9000000000015,1588.9700000000012,-17091.03186,0.01389780834803217
310,2024-09-22,63578.76,14242.19892,14,52.0,3,0.0036209624041565595,1642.0699999999997,630.7700000000041,5866.852840000001,0.01003998615910759
311,2024-09-23,63339.99,24078.05287,16,50.0,3,-0.0037625690717466927,2207.1299999999974,138.93999999999505,9835.853949999999,0.00842947854250042
312,2024-09-24,64262.7,23185.04759,15,54.0,3,0.01446248637939056,1988.0,913.739999999998,-893.0052800000012,0.0065676983731603735
313,2024-09-25,63152.01,17813.11168,16,59.0,3,-0.017434692343162504,1870.9099999999962,-426.75,-5371.9359099999965,0.01168058273205388
314,2024-09-26,65173.99,28373.30593,17,50.0,3,0.03151578569135097,3169.0,1834.0,10560.194249999997,0.01852235566234692
315,2024-09-27,65769.95,22048.80487,18,61.0,3,0.009102584128001627,1678.0999999999985,1507.25,-6324.501059999999,0.01853220927095571
316,2024-09-28,65858.0,9127.23316,14,64.0,3,0.0013378619530761801,837.7699999999968,2705.989999999998,-12921.57171,0.017937898538296086
317,2024-09-29,65602.01,8337.74111,13,63.0,3,-0.003894573316477157,644.1199999999953,428.0199999999968,-789.4920499999989,0.018110311374811804
318,2024-09-30,63327.59,30011.08752,16,61.0,3,-0.03528524055475455,2762.5,-2442.3600000000006,21673.34641,0.024169018718226486
319,2024-10-01,60805.78,43671.48108,16,50.0,3,-0.04063624492665931,3966.6299999999974,-5052.220000000001,13660.393559999997,0.02254757242204787
320,2024-10-02,60649.28,31534.70118,15,42.0,3,-0.002577086316775542,2390.3099999999977,-4952.729999999996,-12136.779899999998,0.020037213921053686
321,2024-10-03,60752.71,26221.43472,16,37.0,3,0.001703926352847916,1649.0800000000017,-2574.8799999999974,-5313.266459999999,0.02011787164491628
322,2024-10-04,62086.0,21294.65994,15,41.0,3,0.02170883041003728,2024.949999999997,1280.2200000000012,-4926.77478,0.02631673068504818
323,2024-10-05,62058.0,7807.46141,12,49.0,3,-0.00045108906551724495,681.2999999999956,1408.7200000000012,-13487.198530000001,0.022640119061522686
324,2024-10-06,62819.91,8906.86177,12,50.0,3,0.012202629820996201,1176.0299999999988,2067.2000000000044,1099.4003599999996,0.010216903221937478
325,2024-10-07,62224.0,25966.1852,16,50.0,3,-0.009531284031326389,2350.1900000000023,138.0,17059.32343,0.012069791194149835
326,2024-10-08,62160.49,19702.22371,14,49.0,3,-0.0010211885021863328,1339.6900000000023,102.48999999999796,-6263.9614900000015,0.012321879026360769
327,2024-10-09,60636.02,20011.15684,16,49.0,3,-0.024830482976427176,2242.75,-2183.8900000000067,308.93313000000126,0.013655218684804312
328,2024-10-10,60326.39,23967.92481,15,39.0,3,-0.005119452832531935,2375.6800000000003,-1897.6100000000006,3956.767970000001,0.013447848945699097
329,2024-10-11,62540.0,23641.35209,15,32.0,3,0.03603669892744918,3329.9199999999983,379.51000000000204,-326.5727200000001,0.02252390419566368
330,2024-10-12,63206.22,10911.30116,11,49.0,3,0.010596362001929363,992.7699999999968,2570.2000000000044,-12730.05093,0.02239236372985796
331,2024-10-13,62870.02,11909.21995,10,50.0,3,-0.0053332935199566596,1235.7200000000012,2543.6299999999974,997.9187899999997,0.022673599866965245
332,2024-10-14,66083.99,37669.95222,16,48.0,3,0.04985708823410627,4042.1900000000023,3543.9900000000052,25760.73227,0.02485368023567765
333,2024-10-15,67074.14,43683.95423,16,65.0,3,0.014872066015212413,3149.989999999998,3867.9199999999983,6014.002010000004,0.021782170037411494
334,2024-10-16,67620.01,29938.25544,17,73.0,3,0.008105370403983361,1673.5099999999948,4749.989999999998,-13745.698790000002,0.020575985522396402
335,2024-10-17,67421.78,25328.22861,14,71.0,3,-0.0029358340463448997,1273.3999999999942,1337.7899999999936,-4610.0268300000025,0.02222571520360696
336,2024-10-18,68428.0,28725.635,17,73.0,3,0.014813986471420449,1807.6399999999994,1353.8600000000006,3397.40639,0.019782760230160717
337,2024-10-19,68378.0,8193.66737,12,72.0,3,-0.0007309621248523259,683.2599999999948,757.9900000000052,-20531.96763,0.00840513190779571
338,2024-10-20,69031.99,12442.47378,13,73.0,3,0.00951888488044817,1300.0,1610.2100000000064,4248.806410000001,0.007405312365085584
339,2024-10-21,67377.5,31374.42184,16,72.0,3,-0.02425888605349007,2678.850000000006,-1050.5,18931.94806,0.015042678337658018
340,2024-10-22,67426.0,24598.96268,15,70.0,3,0.0007195659176902162,1264.5899999999965,-952.0,-6775.4591599999985,0.014996734764257084
341,2024-10-23,66668.65,25530.2407,15,71.0,3,-0.01129587277243706,2212.8300000000017,-2363.340000000011,931.2780199999979,0.012962055082735707
342,2024-10-24,68198.28,22589.83877,17,69.0,3,0.02268451715263484,2340.0,820.7799999999988,-2940.40193,0.018168787057275863
343,2024-10-25,66698.33,34479.71125,16,72.0,3,-0.022239429463163648,3175.2000000000116,-727.6699999999983,11889.872480000002,0.01929541229969509
344,2024-10-26,67092.76,11842.9077,12,72.0,3,0.005896224370562871,1014.6500000000087,424.1100000000006,-22636.80355,0.017091463393621463
345,2024-10-27,68021.7,8653.19592,13,74.0,3,0.013750632418520554,1418.320000000007,-176.58000000000175,-3189.7117799999996,0.018338126003164788
346,2024-10-28,69962.21,29046.75459,18,72.0,3,0.02812846721520796,2652.0,3263.8800000000047,20393.55867,0.01974331495802048
347,2024-10-29,72736.42,50128.60594,32,72.0,3,0.03888698282937757,3860.1199999999953,5643.6600000000035,21081.85135,0.02340824775743937
348,2024-10-30,72344.74,26885.99056,23,77.0,3,-0.005399473668343945,1525.0,4323.040000000008,-23242.615380000003,0.017576107079432537
349,2024-10-31,70292.01,29352.10297,20,77.0,3,-0.02878461169591104,3014.2400000000052,329.79999999998836,2466.1124100000015,0.027001017059523364
350,2024-11-01,69496.01,38301.86755,19,75.0,3,-0.011388795745506882,2812.8099999999977,-3240.4100000000035,8949.764580000003,0.028279251244759093
351,2024-11-02,69374.74,10521.67243,13,72.0,3,-0.0017465165389545408,914.2299999999959,-2970.0,-27780.195120000004,0.024942130445134884
352,2024-11-03,68775.99,24995.70243,13,74.0,3,-0.008668122839253566,1912.270000000004,-1516.0199999999895,14474.03,0.010472333054428337
353,2024-11-04,67850.01,29800.39187,16,70.0,3,-0.013555167807772158,2665.0,-1646.0,4804.689439999998,0.009966410968148086
354,2024-11-05,69372.01,33355.06888,18,70.0,3,0.02218393837390412,3101.279999999999,-2.7300000000104774,3554.6770099999994,0.01456920280028403
355,2024-11-06,75571.99,104126.994787,57,70.0,1,0.08560223984821512,7102.0,6796.0,70771.925907,0.04085573101153961
356,2024-11-07,75857.89,44869.422345,40,77.0,1,0.0037760095920657505,2433.9900000000052,8007.880000000005,-59257.572442000004,0.04030111678257918
357,2024-11-08,76509.78,36521.099583,34,75.0,3,0.00855685431952021,1644.9900000000052,7137.770000000004,-8348.322761999996,0.038144197806218326
358,2024-11-09,76677.46,16942.07915,26,75.0,3,0.0021892171563324633,1185.3399999999965,1105.4700000000012,-19579.020433,0.035072350957482144
359,2024-11-10,80370.01,61830.100435,47,78.0,1,0.04703330369431591,5008.0,4512.119999999995,44888.021284999995,0.03640423225147592
360,2024-11-11,88647.99,82323.665776,83,76.0,1,0.09803226217915882,9314.529999999999,12138.210000000006,20493.565340999994,0.041294925079086366
361,2024-11-12,87952.01,97299.887911,82,80.0,1,-0.007882034011635572,4868.0,11274.549999999988,14976.222135000004,0.043548712562484014
362,2024-11-13,90375.2,86763.854127,86,84.0,1,0.027178568661184198,7137.649999999994,10005.190000000002,-10536.033784,0.042071907273761824
363,2024-11-14,87325.59,56729.51086,66,88.0,1,-0.03432634643790914,5121.789999999994,-1322.4000000000087,-30034.343266999997,0.05103845542988862
364,2024-11-15,91032.07,47927.95068,49,80.0,1,0.041568314974823425,4776.619999999995,3080.060000000012,-8801.56018,0.05053160702832632
365,2024-11-16,90586.92,22717.87689,36,86.0,1,-0.004902030249246929,1723.4900000000052,211.72000000000116,-25210.073790000002,0.03015554025624796
366,2024-11-17,89855.99,23867.55609,32,90.0,1,-0.008101554091419313,2727.9900000000052,2530.4000000000087,1149.6791999999987,0.030177911497540125
367,2024-11-18,90464.08,46545.03448,41,83.0,1,0.006744588166355547,3217.100000000006,-567.9900000000052,22677.478390000004,0.027573466283199066
368,2024-11-19,92310.79,43660.04682,44,90.0,1,0.02020817024435305,3548.5099999999948,1723.8699999999953,-2884.987659999999,0.02034091434336246
369,2024-11-20,94286.56,42203.198712,48,83.0,1,0.021177619537080205,3331.970000000001,4430.569999999992,-1456.8481080000056,0.013649523222928945
370,2024-11-21,98317.12,69228.360477,79,82.0,1,0.04185951709945262,4948.0,7853.039999999994,27025.161764999997,0.01856788529297309
371,2024-11-22,98892.0,46189.309243,76,94.0,1,0.005830172847894076,2465.899999999994,6581.210000000006,-23039.05123399999,0.014596782080015734
372,2024-11-23,97672.4,24757.84367,54,93.0,1,-0.012409323871574746,1772.8500000000058,3385.8399999999965,-21431.465573000005,0.02013407080847775
373,2024-11-24,97900.04,31200.97838,44,80.0,1,0.002327936418892903,2829.229999999996,-417.08000000000175,6443.134710000002,0.020633439713173184
374,2024-11-25,93010.01,50847.45096,51,82.0,1,-0.051239836346874276,6271.610000000001,-5881.990000000005,19646.47258,0.033667409240901794
375,2024-11-26,91965.16,57858.73138,48,79.0,1,-0.011297312096130885,4182.2699999999895,-5707.239999999991,7011.2804199999955,0.022662824868534607
376,2024-11-27,95863.11,41153.42734,47,75.0,1,0.04151142667791282,5416.070000000007,-2036.929999999993,-16705.304039999995,0.033325023602506075
377,2024-11-28,95643.98,28814.54357,34,77.0,1,-0.002288480239917697,1924.0,2633.970000000001,-12338.88377,0.03316217874106097
378,2024-11-29,97460.0,27701.78231,39,78.0,1,0.01880928130380514,3255.0,5494.8399999999965,-1112.761260000003,0.03475383423867412
379,2024-11-30,96407.99,14503.83306,30,84.0,1,-0.010852955416106586,1371.9400000000023,544.8800000000047,-13197.949249999998,0.022749382616282888
380,2024-12-01,97185.18,16938.60452,30,81.0,1,0.008029148706736931,2142.1199999999953,1541.199999999997,2434.77146,0.020340136857024876
381,2024-12-02,95840.62,37958.66981,41,80.0,1,-0.013931627244584067,3735.0,-1619.3800000000047,21020.06529,0.013558754573674106
382,2024-12-03,95849.69,35827.32283,34,76.0,1,9.463180488125695e-05,2727.350000000006,-558.3000000000029,-2131.346980000002,0.013502027011799667
383,2024-12-04,98587.32,43850.53728,38,78.0,1,0.028161417666881416,4412.169999999998,1402.140000000014,8023.2144499999995,0.016903887693592187
384,2024-12-05,96945.63,109921.729662,100,84.0,1,-0.01679234704122157,13588.0,1105.0100000000093,66071.19238200001,0.018216951883753045
385,2024-12-06,99740.84,45049.5331,62,72.0,1,0.028424916087496886,5917.270000000004,3891.149999999994,-64872.196562,0.022036165344775514
386,2024-12-07,99831.99,14931.9459,42,75.0,1,0.0009134510578209996,1595.179999999993,1244.6699999999983,-30117.5872,0.019690770619896547
387,2024-12-08,101109.59,14612.99688,36,79.0,1,0.012716305068205409,2693.300000000003,4163.959999999992,-318.94902,0.019201196358403748
388,2024-12-09,97276.47,53949.11595,41,78.0,1,-0.03864784755258232,7065.87999999999,-2464.3699999999953,39336.11907,0.02603036332691999
389,2024-12-10,96593.0,51708.68933,45,78.0,1,-0.007050855728157901,4013.4600000000064,-3238.9900000000052,-2240.4266199999984,0.025056084872078225
390,2024-12-11,101125.0,37753.78291,43,74.0,1,0.04585110055392514,6229.759999999995,15.410000000003492,-13954.90642,0.030701153748320092
391,2024-12-12,100004.29,29232.08745,39,83.0,1,-0.011144290310743151,3228.3600000000006,2727.8199999999924,-8521.695460000003,0.0313488397341139
392,2024-12-13,101424.25,21904.03923,33,76.0,1,0.014099129370686553,2690.2599999999948,4831.25,-7328.048220000001,0.031491045477121865
393,2024-12-14,101420.0,14191.70326,29,83.0,1,-4.190407172619906e-05,2040.5899999999965,295.0,-7712.335969999998,0.023059827221595993
394,2024-12-15,104463.99,22228.921775,33,80.0,1,0.02957210835064263,4012.8600000000006,4459.700000000012,8037.218514999999,0.022762387494520583
395,2024-12-16,106058.66,41302.40274,51,83.0,1,0.015149918553743596,4460.070000000007,4634.4100000000035,19073.480965,0.015598029659848085
396,2024-12-17,106133.74,29064.936466,46,87.0,1,0.0007076596818099129,3031.5099999999948,4713.740000000005,-12237.466273999999,0.012202244409827033
397,2024-12-18,100204.01,50307.99755,46,81.0,1,-0.057491789143001994,6524.979999999996,-4259.9800000000105,21243.061084,0.03309281110088121
398,2024-12-19,97461.86,55147.398,47,75.0,1,-0.02774708582409932,7100.110000000001,-8596.800000000003,4839.400450000001,0.03486682772133336
399,2024-12-20,97805.44,62884.1357,47,74.0,1,0.003519077229743537,6000.460000000006,-8328.300000000003,7736.737699999998,0.029368541494309102
400,2024-12-21,97291.99,23483.54143,31,73.0,1,-0.005263536125710258,3142.220000000001,-2912.0199999999895,-39400.59427,0.02562761059301111
401,2024-12-22,95186.27,19353.83036,28,73.0,1,-0.02188095438284901,3197.729999999996,-2275.5899999999965,-4129.711070000001,0.023578511516501734
402,2024-12-23,94881.47,32810.76703,35,70.0,1,-0.0032072803231183965,4018.9199999999983,-2923.970000000001,13456.936670000003,0.013259542188194248
403,2024-12-24,98663.58,23674.22488,34,73.0,1,0.039087452998785556,5918.970000000001,1371.5899999999965,-9136.542150000001,0.02251080121424103
404,2024-12-25,99429.6,14474.1651,31,73.0,1,0.007733974670366026,1937.12999999999,4243.330000000002,-9200.059780000001,0.02263935208429881
405,2024-12-26,95791.6,21192.36727,34,79.0,1,-0.03727485759295436,4764.559999999998,910.1300000000047,6718.202169999999,0.029231030167408262
406,2024-12-27,94299.03,26501.26429,32,74.0,1,-0.01570409519397809,4044.570000000007,-4364.550000000003,5308.89702,0.02835676150167983
407,2024-12-28,95300.0,8385.8929,25,72.0,1,0.010558907393903796,1598.3300000000017,-4129.600000000006,-18115.37139,0.028858677433034097
408,2024-12-29,93738.2,13576.00578,25,73.0,3,-0.016524020398176582,2330.479999999996,-2053.4000000000087,5190.112879999999,0.019722367172768027
409,2024-12-30,92792.05,27619.4225,34,65.0,1,-0.010144822242994745,3494.050000000003,-1506.979999999996,14043.416720000001,0.017094077324401682
410,2024-12-31,93576.0,19612.03389,29,64.0,1,0.008412972329420844,4216.270000000004,-1724.0,-8007.388610000002,0.013184517425193415
411,2025-01-01,94591.79,10373.32613,46,66.0,1,0.010796745473918477,2263.149999999994,853.5899999999965,-9238.70776,0.01296993908697709
412,2025-01-02,96984.79,21970.48948,56,70.0,1,0.02498347626229524,3447.5,4192.739999999991,11597.16335,0.016778423587189194
413,2025-01-03,98174.18,15253.82936,52,74.0,1,0.012189085912690157,2876.9000000000087,4598.179999999993,-6716.6601200000005,0.012603894602031809
414,2025-01-04,98220.5,8990.05651,45,73.0,1,0.00047170321374159335,1263.6399999999994,3628.7100000000064,-6263.772849999999,0.008857809276860355
415,2025-01-05,98363.61,8095.63723,43,72.0,1,0.001455967374787927,1560.0600000000122,1378.820000000007,-894.4192800000001,0.009921167671160872
416,2025-01-06,102235.6,25263.43375,57,76.0,1,0.03860903512357024,4560.0,4061.420000000013,17167.79652,0.01626346962149898
417,2025-01-07,96954.61,32059.87537,60,78.0,1,-0.05303702286757633,6542.570000000007,-1265.8899999999994,6796.441620000001,0.03337094610269867
418,2025-01-08,95060.61,33704.67894,54,70.0,1,-0.019728242676769096,4767.75,-3303.0,1644.8035699999964,0.03349400423243165
419,2025-01-09,92552.49,34544.83685,56,69.0,1,-0.026738745131460816,4178.650000000009,-9683.11,840.1579100000017,0.034290188613218295
420,2025-01-10,94726.11,31482.86424,55,50.0,1,0.02321373193383758,3629.979999999996,-2228.5,-3061.9726100000007,0.03762528924911374
421,2025-01-11,94599.99,7047.9043,40,69.0,1,-0.0013323046178590012,1219.2100000000064,-460.61999999999534,-24434.95994,0.02851617585413024
422,2025-01-12,94545.06,8606.86622,40,62.0,1,-0.0005808240981644022,1738.9100000000035,1992.5699999999924,1558.9619199999997,0.01948386775111691
423,2025-01-13,94536.1,42619.56423,57,61.0,1,-9.477411717486941e-05,6683.309999999998,-190.00999999999476,34012.69801000001,0.017676513965581325
424,2025-01-14,96560.86,27846.61753,51,63.0,1,0.021191710994825055,3024.779999999999,1960.8699999999953,-14772.946700000004,0.012555646720858914
425,2025-01-15,100497.35,30509.99179,55,70.0,1,0.03995787586321273,4181.940000000002,5952.290000000008,2663.3742600000005,0.01835956205149254
426,2025-01-16,99987.3,27832.85317,60,75.0,1,-0.005088181069371945,3531.529999999999,5451.199999999997,-2677.1386200000015,0.019094756136432103
427,2025-01-17,104077.48,39171.85292,69,75.0,1,0.040092443843718385,5914.449999999997,7516.619999999995,11338.999749999999,0.021410008656645402
428,2025-01-18,104556.23,24307.82998,57,77.0,1,0.004589391046213007,2711.3300000000017,4058.87999999999,-14864.022939999999,0.0204342635054122
429,2025-01-19,101331.57,43397.28298,62,77.0,1,-0.0313270015419219,6770.829999999987,1344.270000000004,19089.453000000005,0.030688955653207724
430,2025-01-20,102260.01,89529.231732,100,76.0,1,0.009120676170877553,10038.0,-1817.4700000000012,46131.948752,0.02578012835223505
431,2025-01-21,106143.82,45941.02002,89,76.0,1,0.03727627951194209,7121.770000000004,1587.590000000011,-43588.211712,0.029019390408543625
432,2025-01-22,103706.66,22248.69254,71,84.0,1,-0.023228630058235156,3055.340000000011,2375.0899999999965,-23692.327480000004,0.02744163159932924
433,2025-01-23,103910.34,53953.12031,79,75.0,1,0.001962075026061362,5587.720000000001,1650.3300000000017,31704.42777,0.02733966072367737
434,2025-01-24,104870.5,23609.24017,71,75.0,1,0.009197843721146091,4370.0,-1273.320000000007,-30343.880139999997,0.02159306252969608
435,2025-01-25,104746.85,9068.32377,51,75.0,1,-0.0011797688916675218,1180.4300000000076,1040.1900000000023,-14540.9164,0.02181435973659321
436,2025-01-26,102620.0,9812.51238,49,73.0,1,-0.02051364123722352,2979.5599999999977,-1290.3399999999965,744.1886099999992,0.014337402872656202
437,2025-01-27,102082.83,50758.1341,70,71.0,1,-0.005248302947392055,5482.229999999996,-2787.6699999999983,40945.62172,0.01104969542965298
438,2025-01-28,101335.52,22022.05765,61,72.0,1,-0.00734755111376838,3527.320000000007,-3411.3300000000017,-28736.076450000004,0.010751941400666772
439,2025-01-29,103733.24,23155.35802,52,72.0,1,0.023385612440133215,3454.6699999999983,1113.2400000000052,1133.3003700000008,0.01602218358673185
440,2025-01-30,104722.94,19374.07472,53,70.0,1,0.009495592181071395,3178.9000000000087,2640.1100000000006,-3781.283299999999,0.016877376756691764
441,2025-01-31,102429.56,21983.18193,54,76.0,1,-0.022142853251164527,4452.0,1094.0399999999936,2609.1072099999983,0.017379587294578672
442,2025-02-01,100635.65,12290.95747,43,68.0,1,-0.017668774175154188,2504.2000000000116,-3097.590000000011,-9692.22446,0.01905753834148287
443,2025-02-02,97700.59,34619.49939,60,60.0,1,-0.029598970722466058,5306.600000000006,-7022.350000000006,22328.541919999996,0.022631639470857032
444,2025-02-03,101328.52,75164.7385,92,44.0,1,0.03646031368487303,11269.009999999995,-1101.0399999999936,40545.23911000001,0.027331697832538044
445,2025-02-04,97763.13,40267.98697,63,72.0,1,-0.03582039951426249,5582.309999999998,-2872.5199999999895,-34896.75153000001,0.02891869939667141
446,2025-02-05,96612.43,26233.30444,54,54.0,1,-0.011840104206887518,2994.0,-1088.1600000000035,-14034.682529999998,0.028536066339747215
447,2025-02-06,96554.35,23515.20405,50,49.0,1,-0.0006013456532248081,3443.3600000000006,-4774.169999999998,-2718.1003899999996,0.02866314646537119
448,2025-02-07,96506.8,31794.22065,49,44.0,1,-0.0004925900520273397,4517.650000000009,-1256.3300000000017,8279.016599999999,0.026091275931789015
449,2025-02-08,96444.74,10147.24294,39,44.0,1,-0.0006432703479849328,1192.0,-167.68999999998778,-21646.97771,0.01529934966832787
450,2025-02-09,96462.75,14120.91613,39,46.0,1,0.00018672162550374357,2610.0899999999965,-91.60000000000582,3973.6731899999995,0.0051327238892643675
451,2025-02-10,97430.82,20572.87537,41,43.0,1,0.009985664239646478,3089.0,924.0200000000041,6451.959240000002,0.004651235370177652
452,2025-02-11,95778.2,18647.76379,41,47.0,1,-0.017107486030289196,3601.5399999999936,-666.5400000000081,-1925.1115800000007,0.009747343155445867
453,2025-02-12,97869.99,29151.16625,43,46.0,1,0.021604863590941464,4031.7600000000093,1407.2400000000052,10503.402459999998,0.01432000226484213
454,2025-02-13,96608.14,19921.77616,39,50.0,1,-0.012976962582638805,2866.550000000003,-822.6800000000076,-9229.390089999997,0.016023521829364125
455,2025-02-14,97500.48,18173.02646,44,48.0,1,0.009194298389878524,2573.179999999993,1722.2799999999988,-1748.7497000000003,0.016501414817609337
456,2025-02-15,97569.66,7349.37683,34,50.0,1,0.0007092833675137415,748.679999999993,-300.33000000000175,-10823.64963,0.01590967016760591
457,2025-02-16,96118.12,8191.4249,34,54.0,1,-0.014988732643856638,1658.2900000000081,-490.0200000000041,842.0480699999998,0.01534895586852607
458,2025-02-17,95780.0,16492.0451,38,51.0,1,-0.0035239568777999416,1841.5899999999965,-1720.479999999996,8300.6202,0.00996654974640315
459,2025-02-18,95671.74,23368.19471,45,47.0,1,-0.001130937870179614,3365.820000000007,-1897.9199999999983,6876.14961,0.008723873950218362
460,2025-02-19,96644.37,16438.50954,40,44.0,1,0.010114995490717066,1870.0,526.25,-6929.685170000001,0.009022464100414398
461,2025-02-20,98305.0,17057.39177,40,49.0,1,0.017036938024453396,2296.270000000004,2525.0,618.8822299999993,0.01244643380320045
462,2025-02-21,96181.98,32249.2814,45,55.0,1,-0.021832868521335577,4603.050000000003,510.2399999999907,15191.889630000001,0.01485642627801147
463,2025-02-22,96551.01,11268.17708,35,49.0,1,0.0038294476827775473,1209.5099999999948,-93.36000000000058,-20981.10432,0.014767632915960524
464,2025-02-23,96258.0,10884.84913,33,50.0,1,-0.0030393831239023624,1422.0599999999977,-2047.0,-383.32794999999896,0.014880211401781973
465,2025-02-24,91552.88,31550.10299,44,49.0,1,-0.05011535775172125,5150.740000000005,-4629.099999999991,20665.253859999997,0.026060322505181633
466,2025-02-25,88680.4,78333.11111,82,25.0,1,-0.03187783350742482,6489.699999999997,-7870.610000000001,46783.00812,0.021823374834381553
467,2025-02-26,84250.09,56893.54409,67,21.0,1,-0.05124925785668909,7158.139999999999,-12007.910000000003,-21439.567019999995,0.02583315440928369
468,2025-02-27,84708.58,42505.45439,68,10.0,1,0.005427257747781736,4361.970000000001,-6844.300000000003,-14388.089700000004,0.026307512358222415
469,2025-02-28,84349.94,83648.03969,86,16.0,1,-0.004242797559089215,6861.479999999996,-4330.459999999992,41142.585300000006,0.026047196358070606
470,2025-03-01,86064.53,25785.05464,50,20.0,1,0.020123266049919198,2733.220000000001,1814.4400000000023,-57862.98505,0.02885636070864017
471,2025-03-02,94270.0,54889.09045,73,26.0,1,0.09106564168828868,9949.399999999994,9561.419999999998,29104.035810000005,0.05153787067509257
472,2025-03-03,86220.61,59171.10218,92,33.0,1,-0.08925376118948612,9299.350000000006,1870.6699999999983,4282.011729999998,0.06442958178068363
473,2025-03-04,87281.98,55609.10706,82,15.0,1,0.01223478265846054,7467.520000000004,1217.449999999997,-3561.9951199999996,0.06452266155231082
474,2025-03-05,90606.01,38264.01163,63,20.0,1,0.03737651951263447,4665.470000000001,-3663.9900000000052,-17345.09543,0.0655496873977674
475,2025-03-06,89931.89,34342.44902,59,25.0,1,-0.007467940338037054,4974.639999999999,3711.279999999999,-3921.562610000001,0.06609696772044409
476,2025-03-07,86801.75,57980.35713,84,34.0,1,-0.035425823298239754,6615.990000000005,-480.2299999999959,23637.908109999997,0.048634456620996504
477,2025-03-08,86222.45,12989.23054,52,28.0,1,-0.006696198157303769,1678.7799999999988,-4383.559999999998,-44991.12659,0.02693646313785585
478,2025-03-09,80734.37,26115.39345,51,27.0,1,-0.06576620160006473,6500.0,-9197.520000000004,13126.16291,0.03828064351218949
479,2025-03-10,78595.86,47633.38405,86,20.0,1,-0.026845356703792466,6663.550000000003,-8205.89,21517.9906,0.024275554292653663
480,2025-03-11,82932.99,48770.06853,81,24.0,1,0.053713906024732805,7011.399999999994,-3289.459999999992,1136.6844799999963,0.04449168649757403
481,2025-03-12,83680.12,31933.986,61,34.0,1,0.008968502033038601,3932.2000000000116,2945.75,-16836.082529999996,0.04412493631506065
482,2025-03-13,81115.78,27546.27412,56,45.0,1,-0.03112391755655611,4396.430000000008,2519.9199999999983,-4387.711880000003,0.04537258810407775
483,2025-03-14,83983.2,26858.52755,51,27.0,1,0.034739262047201416,4490.87000000001,1050.2099999999919,-687.7465699999993,0.03725086297584118
484,2025-03-15,84338.44,11324.7332,41,46.0,1,0.004220972745167093,1058.2799999999988,658.320000000007,-15533.794349999998,0.03226596809453797
485,2025-03-16,82574.53,17596.12531,47,30.0,1,-0.021136472120496245,3135.9199999999983,1458.75,6271.392109999999,0.02606128844521413
486,2025-03-17,84010.03,17214.74358,47,32.0,1,0.017234917011719673,2300.8300000000017,26.830000000001746,-381.38173000000097,0.0270833321900621
487,2025-03-18,82715.03,17610.89883,44,34.0,1,-0.015534869726955195,2887.0800000000017,-1623.4100000000035,396.1552499999998,0.023095032490721253
488,2025-03-19,86845.94,28151.05374,46,32.0,1,0.04873441757894435,4452.8399999999965,4271.4100000000035,10540.154910000001,0.028077040681520414
489,2025-03-20,84223.39,22090.30463,43,49.0,1,-0.030663070683642123,3798.4400000000023,213.36000000000058,-6060.749110000001,0.03278726760682851
490,2025-03-21,84088.79,11956.97443,36,31.0,1,-0.0015994092488549737,1675.0800000000017,1373.7599999999948,-10133.330199999999,0.030782120642593024
491,2025-03-22,83840.59,5420.22114,30,32.0,1,-0.00295600663481781,914.0699999999924,-3005.350000000006,-6536.753290000001,0.029862519989133605
492,2025-03-23,86082.5,8461.97813,33,30.0,1,0.026388880980959678,2319.8899999999994,1859.1100000000006,3041.75699,0.030432128092995225
493,2025-03-24,87498.16,30115.62111,44,45.0,1,0.01631162582836565,3246.3399999999965,3409.37000000001,21653.64298,0.021810353276207874
494,2025-03-25,87392.87,22643.25248,43,46.0,1,-0.0012040641846587025,2229.6300000000047,3552.279999999999,-7472.368630000001,0.01325009566934631
495,2025-03-26,86909.17,18408.78485,43,47.0,1,-0.005550150091920325,2415.0,826.6699999999983,-4234.467629999999,0.014015725950652645
496,2025-03-27,87232.01,17098.03897,36,40.0,1,0.0037078004164337397,1956.3899999999994,-266.15000000000873,-1310.7458799999986,0.013171507882539317
497,2025-03-28,84424.38,27182.73169,39,44.0,1,-0.0327151282624945,3930.6699999999983,-2968.4899999999907,10084.69272,0.01807408798637553
498,2025-03-29,82648.54,11696.39864,31,26.0,1,-0.02125906318917359,2979.9199999999983,-4260.630000000005,-15486.333050000001,0.015148920913875177
499,2025-03-30,82389.99,9864.49508,34,32.0,1,-0.003133210305684936,1969.6399999999994,-4842.0199999999895,-1831.9035599999988,0.014845720788367402
500,2025-03-31,82550.01,20569.13885,45,34.0,1,0.0019403425512951966,2664.5599999999977,-1874.37000000001,10704.643769999999,0.01596829704321499
501,2025-04-01,85158.34,20190.39697,36,34.0,1,0.031108055610873073,3146.720000000001,2509.800000000003,-378.74187999999776,0.024432321390114264
502,2025-04-02,82516.29,39931.457,40,44.0,1,-0.031516618721199686,6180.0,126.29999999998836,19741.06003,0.024093659153117356
503,2025-04-03,83213.09,27337.84135,57,25.0,1,0.008408938788086611,2786.779999999999,663.0800000000017,-12593.615650000003,0.02256120638540376
504,2025-04-04,83889.87,32915.53976,58,28.0,1,0.008100200026060092,3061.0,-1268.4700000000012,5577.698410000001,0.022561038619872246
505,2025-04-05,83537.99,9360.40468,40,30.0,1,-0.004203368759459135,1886.050000000003,1021.7000000000116,-23555.13508,0.022840159116254304
506,2025-04-06,78430.0,27942.71436,53,34.0,1,-0.06309499122461922,6663.800000000003,-4783.0899999999965,18582.309680000002,0.03071407136048288
507,2025-04-07,79163.24,78387.53089,82,23.0,1,0.00930554243469642,6735.580000000002,-4726.62999999999,50444.81653,0.031134320766194136
508,2025-04-08,76322.42,35317.32063,61,24.0,1,-0.036545314426559464,4628.090000000011,-7215.570000000007,-43070.21025999999,0.03159157078086872
509,2025-04-09,82615.22,75488.28772,70,18.0,1,0.0792271898213657,8968.0,4185.220000000001,40170.96708999999,0.053969579325211986
510,2025-04-10,79607.3,33284.80718,53,39.0,1,-0.03708812786599812,4288.850000000006,444.0599999999977,-42203.48053999999,0.05610490788638738
511,2025-04-11,83423.84,34435.43797,44,25.0,1,0.04682832264786211,5330.419999999998,7101.419999999998,1150.6307899999956,0.05124807833569931
512,2025-04-12,85276.9,18470.74437,39,43.0,1,0.02196948907660708,3112.050000000003,2661.679999999993,-15964.693599999999,0.05137306268075744
513,2025-04-13,83760.0,24680.04181,38,45.0,1,-0.01794804235026729,3065.770000000004,4152.699999999997,6209.2974399999985,0.047224926579334074
514,2025-04-14,84591.58,28659.09348,41,31.0,1,0.009879167909975919,2121.9900000000052,1167.7400000000052,3979.0516700000007,0.033011483190381045
515,2025-04-15,83643.99,20910.99528,39,38.0,1,-0.01126515660201265,2896.4199999999983,-1632.909999999989,-7748.0982,0.026138339027629305
516,2025-04-16,84030.38,20867.24519,37,29.0,1,0.0046088222541115645,2388.3600000000006,270.38000000000466,-43.750089999997726,0.01612480782479374
517,2025-04-17,84947.91,13728.84772,35,30.0,1,0.010859844983458261,1733.75,356.33000000000175,-7138.397470000002,0.013065443010423864
518,2025-04-18,84474.69,6529.96315,32,33.0,1,-0.005586282238964962,828.1199999999953,830.6999999999971,-7198.88457,0.009752537960831786
519,2025-04-19,85077.01,9666.58153,27,32.0,3,0.0071048834511910006,1313.5400000000081,1046.62999999999,3136.61838,0.009236052108602929
520,2025-04-20,85179.24,8091.67725,30,37.0,1,0.001200895852997235,1371.2399999999907,231.33000000000175,-1574.9042799999997,0.006247873247190214
521,2025-04-21,87516.23,31773.37262,50,39.0,1,0.027066519704468342,3321.2300000000105,3041.5399999999936,23681.695369999998,0.012280508696752408
522,2025-04-22,93442.99,43872.74705,52,47.0,1,0.06552725583428472,6811.970000000001,8365.98000000001,12099.37443,0.028690685893449634
523,2025-04-23,93691.08,27404.16808,51,72.0,1,0.0026514695623879032,2760.6399999999994,8511.839999999997,-16468.57897,0.027114602272348652
524,2025-04-24,93980.47,19497.06071,42,63.0,1,0.0030840074520417163,2344.9900000000052,6464.240000000005,-7907.107369999998,0.027672871198103192
525,2025-04-25,94638.68,27500.66648,42,60.0,1,0.006979277255771385,2902.079999999987,1195.6899999999878,8003.605769999998,0.02680341470688476
526,2025-04-26,94628.0,9415.06875,33,65.0,1,-0.00011285663183106742,1328.3099999999977,936.9199999999983,-18085.59773,0.028010055217447836
527,2025-04-27,93749.3,11162.841,34,61.0,1,-0.009329217194183042,1766.4199999999983,-231.16999999999825,1747.77225,0.006126921054557394
528,2025-04-28,95011.18,22157.53351,42,54.0,1,0.013370370730845774,2829.9900000000052,372.5,10994.69251,0.008439229605366774
